Timestamp.x,classID,Student.Gender,Student.Age,Student.Race.Ethnicity,sebs_defiantOppositional,sebs_fightsArgues,sebs_bulliesOthers,sebs_easilyAngry,sebs_lies,sebs_disruptsClass,sebs_sittingStillDifficult,sibs_nervousWorriedFearful,sibs_bullied,sibs_spendsTimeAlone,sibs_clingsToAdults,sibs_withdrawn,sibs_sadUnhappy,sibs_complainsSickHurt,swtrs_followsDirections,swtrs_listensToTeachers,swtrs_obeysClassRules,swtrs_friendlyWithClassmates,swtrs_handsFeetToSelf,swtrs_getsAlongWithClassmates,swtrs_treatsClassmatesKindly,swtrs_playsWellWithOthers,swtrs_respectfulToClassmates,swtrs_handlesFrustrationsWell,swtrs_peacefulDuringClass,swtrs_respectfulToTeachers,swtrs_participatesMeaningfully,swtrs_wellBehavedDuringClass,swtrs_staysOnTask,swtrs_staysFocused,swtrs_selfControlWhenFrustrated,swtrs_engagedInLearning,swtrs_confidentNewChallengingMaterial,swtrs_remainsCalmDifficultSituation,swtrs_seemsRelaxedAtEase,swtrs_optimisticWillSucceedSchool,swtrs_classmatesLikeWorkPlayWithThem,swtrs_classmatesRespectfulToThem,swtrs_approachableEasyGetAlongWith,swtrs_enjoysGroupWorkWithOthers,swtrs_sociableWithOthersDuringFreeTime,swtrs_needsLittleSupervision,swtrs_comfortableWorkingIndependently,swtrs_willingTryNewActivities,swtrs_inquisitiveInterestedLearningNewThings,swtrs_laughsAppropriateTimes,swtrs_smilesAtSchool,swtrs_seemsHappyInClass,swtrs_showsExcitementClassActivities,swtrs_alertDuringLessons,percentOnTask,elaPerformance,mathPerformance,absences,Timestamp.y,gradeLevel,teacher_sex,teacher_age,teacher_yearsTeaching,teacher_degree,teacher_race,sibs_total,sebs_total,swtrs.social_total,swtrs.engagement_total,sibs_total_mean,sibs_total_GrpCentered,sebs_total_mean,sebs_total_GrpCentered,swtrs.social_total_mean,swtrs.social_total_GrpCentered,swtrs.engagement_total_mean,swtrs.engagement_total_GrpCentered,classID_num,classID_A,classID_B,classID_C,classID_D,classID_E,classID_F,classID_G,classID_H,classID_I,classID_J,classID_K,classID_L
2/15/2016 14:44:01,A,Female,7,Black/African American,0,0,0,1,0,0,1,3,0,2,1,1,2,3,3,3,3,3,3,3,3,3,3,1,3,3,2,3,3,3,2,2,1,2,2,2,3,3,3,3,2,2,2,1,2,3,2,2,2,1,9,2,2,2,2/15/2016 14:37:56,2nd Grade,Female,24,2,Graduate,White/Caucasian,12,2,17,11,7.21052631578947,4.78947368421053,10.2631578947368,-8.26315789473684,10.7368421052632,6.26315789473684,11.1578947368421,-.157894736842104,1,1,0,0,0,0,0,0,0,0,0,0,0
2/15/2016 14:46:37,A,Male,7,Black/African American,3,3,2,2,3,3,3,1,1,1,1,1,1,0,0,1,0,1,0,2,1,1,1,1,1,1,1,1,0,0,0,0,1,2,2,1,1,1,2,2,2,0,1,2,1,1,2,2,2,0,2,2,1,1,2/15/2016 14:37:56,2nd Grade,Female,24,2,Graduate,White/Caucasian,6,19,5,6,7.21052631578947,-1.21052631578947,10.2631578947368,8.73684210526316,10.7368421052632,-5.73684210526316,11.1578947368421,-5.1578947368421,1,1,0,0,0,0,0,0,0,0,0,0,0
2/15/2016 14:48:34,A,Female,7,Black/African American,2,1,1,2,3,2,3,1,0,2,1,2,1,2,1,1,1,1,0,1,1,1,1,1,1,1,1,1,1,1,1,1,1,1,2,1,1,1,1,1,1,1,2,1,1,1,2,2,1,1,7,3,3,3,2/15/2016 14:37:56,2nd Grade,Female,24,2,Graduate,White/Caucasian,9,14,6,7,7.21052631578947,1.78947368421053,10.2631578947368,3.73684210526316,10.7368421052632,-4.73684210526316,11.1578947368421,-4.1578947368421,1,1,0,0,0,0,0,0,0,0,0,0,0
2/15/2016 14:50:13,A,Male,7,Black/African American,0,0,0,0,0,0,0,1,0,0,0,0,0,2,3,3,3,3,3,3,3,3,3,3,3,3,3,3,3,3,3,3,3,3,3,3,3,3,3,3,3,3,3,3,3,3,3,3,3,3,10,3,3,2,2/15/2016 14:37:56,2nd Grade,Female,24,2,Graduate,White/Caucasian,3,0,18,18,7.21052631578947,-4.21052631578947,10.2631578947368,-10.2631578947368,10.7368421052632,7.26315789473684,11.1578947368421,6.8421052631579,1,1,0,0,0,0,0,0,0,0,0,0,0
2/15/2016 14:51:51,A,Female,7,Black/African American,3,1,1,3,2,3,2,1,1,1,1,1,1,1,1,1,1,1,0,1,1,1,0,0,1,1,1,1,1,1,0,1,1,0,1,1,1,1,1,1,1,1,1,1,1,1,1,1,1,1,8,3,3,1,2/15/2016 14:37:56,2nd Grade,Female,24,2,Graduate,White/Caucasian,7,15,5,6,7.21052631578947,-.210526315789473,10.2631578947368,4.73684210526316,10.7368421052632,-5.73684210526316,11.1578947368421,-5.1578947368421,1,1,0,0,0,0,0,0,0,0,0,0,0
2/15/2016 14:53:36,A,Female,7,Black/African American,0,0,0,0,0,0,2,0,0,0,0,0,0,0,2,2,2,3,2,3,3,3,3,3,2,3,3,2,2,2,2,2,3,3,3,3,3,3,3,3,3,3,3,3,3,2,3,3,2,1,8,2,3,2,2/15/2016 14:37:56,2nd Grade,Female,24,2,Graduate,White/Caucasian,0,2,15,16,7.21052631578947,-7.21052631578947,10.2631578947368,-8.26315789473684,10.7368421052632,4.26315789473684,11.1578947368421,4.8421052631579,1,1,0,0,0,0,0,0,0,0,0,0,0
2/15/2016 14:55:45,A,Female,7,Black/African American,1,2,0,2,1,2,2,0,0,0,1,0,0,0,2,3,2,3,2,2,2,2,2,1,1,2,3,2,3,2,1,3,3,2,3,3,3,3,2,3,3,3,3,3,3,1,3,3,3,3,9,3,3,1,2/15/2016 14:37:56,2nd Grade,Female,24,2,Graduate,White/Caucasian,1,10,12,18,7.21052631578947,-6.21052631578947,10.2631578947368,-.263157894736842,10.7368421052632,1.26315789473684,11.1578947368421,6.8421052631579,1,1,0,0,0,0,0,0,0,0,0,0,0
2/15/2016 14:57:43,A,Female,7,Black/African American,0,1,0,1,0,2,3,2,0,1,1,1,0,1,1,2,1,2,2,2,2,2,2,2,2,3,1,2,1,1,2,1,2,2,2,3,2,3,2,2,2,2,2,2,2,2,3,2,2,1,8,3,3,1,2/15/2016 14:37:56,2nd Grade,Female,24,2,Graduate,White/Caucasian,6,7,11,10,7.21052631578947,-1.21052631578947,10.2631578947368,-3.26315789473684,10.7368421052632,.263157894736842,11.1578947368421,-1.1578947368421,1,1,0,0,0,0,0,0,0,0,0,0,0
2/15/2016 14:59:32,A,Female,7,Black/African American,2,2,2,2,3,2,2,1,2,2,0,2,1,1,2,2,1,2,1,2,2,2,2,2,1,2,2,1,2,2,1,2,2,2,2,3,2,2,2,2,2,2,2,3,2,1,3,2,3,2,9,3,3,5,2/15/2016 14:37:56,2nd Grade,Female,24,2,Graduate,White/Caucasian,9,15,9,13,7.21052631578947,1.78947368421053,10.2631578947368,4.73684210526316,10.7368421052632,-1.73684210526316,11.1578947368421,1.8421052631579,1,1,0,0,0,0,0,0,0,0,0,0,0
2/15/2016 15:02:41,A,Female,7,Black/African American,0,0,1,1,1,1,1,1,0,2,1,2,1,1,3,2,2,3,2,3,3,2,3,3,2,3,2,2,2,2,3,3,2,2,2,3,2,2,2,2,2,2,3,3,2,3,3,3,2,2,9,3,3,2,2/15/2016 14:37:56,2nd Grade,Female,24,2,Graduate,White/Caucasian,8,5,14,14,7.21052631578947,.789473684210527,10.2631578947368,-5.26315789473684,10.7368421052632,3.26315789473684,11.1578947368421,2.8421052631579,1,1,0,0,0,0,0,0,0,0,0,0,0
2/15/2016 15:04:12,A,Female,7,Black/African American,0,2,1,2,1,1,2,2,1,1,2,1,1,1,2,3,2,3,2,2,2,2,2,1,2,3,2,2,2,2,1,1,2,2,2,2,2,2,2,3,2,3,2,3,2,2,3,2,2,1,8,3,2,2,2/15/2016 14:37:56,2nd Grade,Female,24,2,Graduate,White/Caucasian,9,9,12,11,7.21052631578947,1.78947368421053,10.2631578947368,-1.26315789473684,10.7368421052632,1.26315789473684,11.1578947368421,-.157894736842104,1,1,0,0,0,0,0,0,0,0,0,0,0
2/15/2016 15:11:01,A,Male,7,Black/African American,2,2,2,3,2,3,3,3,1,0,0,0,1,3,1,1,1,2,0,2,2,1,2,0,0,2,0,1,0,0,0,0,0,0,1,0,2,2,2,2,2,0,0,2,0,2,2,1,1,0,6,3,3,2,2/15/2016 14:37:56,2nd Grade,Female,24,2,Graduate,White/Caucasian,8,17,7,1,7.21052631578947,.789473684210527,10.2631578947368,6.73684210526316,10.7368421052632,-3.73684210526316,11.1578947368421,-10.1578947368421,1,1,0,0,0,0,0,0,0,0,0,0,0
2/15/2016 15:01:08,A,Male,8,Black/African American,3,3,2,2,3,3,3,0,2,1,0,1,1,2,0,0,0,1,0,1,1,1,1,0,0,1,0,0,0,0,0,0,0,0,1,0,0,1,0,1,1,0,0,0,0,0,2,1,1,0,2,1,1,8,2/15/2016 14:37:56,2nd Grade,Female,24,2,Graduate,White/Caucasian,7,19,1,1,7.21052631578947,-.210526315789473,10.2631578947368,8.73684210526316,10.7368421052632,-9.73684210526316,11.1578947368421,-10.1578947368421,1,1,0,0,0,0,0,0,0,0,0,0,0
2/15/2016 15:06:21,A,Male,8,Black/African American,1,2,2,2,2,2,2,2,1,2,2,2,2,3,2,3,1,1,1,2,2,2,1,1,1,3,3,1,3,3,1,3,3,1,1,3,2,2,2,1,1,3,3,3,3,1,2,2,3,3,10,3,3,2,2/15/2016 14:37:56,2nd Grade,Female,24,2,Graduate,White/Caucasian,14,13,8,18,7.21052631578947,6.78947368421053,10.2631578947368,2.73684210526316,10.7368421052632,-2.73684210526316,11.1578947368421,6.8421052631579,1,1,0,0,0,0,0,0,0,0,0,0,0
2/15/2016 15:07:55,A,Female,8,Black/African American,2,2,2,2,2,2,2,2,1,2,0,2,2,2,2,2,2,2,2,2,2,2,2,2,2,2,2,2,2,2,2,2,2,2,2,2,2,2,2,2,2,2,2,2,2,2,2,2,2,2,9,3,4,1,2/15/2016 14:37:56,2nd Grade,Female,24,2,Graduate,White/Caucasian,11,14,12,12,7.21052631578947,3.78947368421053,10.2631578947368,3.73684210526316,10.7368421052632,1.26315789473684,11.1578947368421,.842105263157896,1,1,0,0,0,0,0,0,0,0,0,0,0
2/15/2016 15:09:16,A,Female,8,Black/African American,0,0,0,0,0,1,2,0,0,0,1,0,0,0,3,3,3,3,3,3,3,3,3,2,3,3,3,3,3,3,3,3,3,3,3,3,3,3,3,3,3,3,3,3,3,3,3,3,3,3,10,4,4,2,2/15/2016 14:37:56,2nd Grade,Female,24,2,Graduate,White/Caucasian,1,3,18,18,7.21052631578947,-6.21052631578947,10.2631578947368,-7.26315789473684,10.7368421052632,7.26315789473684,11.1578947368421,6.8421052631579,1,1,0,0,0,0,0,0,0,0,0,0,0
2/15/2016 15:12:50,A,Male,8,Black/African American,2,2,2,2,3,2,3,3,1,3,0,3,2,2,1,1,1,1,1,1,1,1,1,1,1,1,1,1,1,3,1,1,1,1,1,2,1,1,1,1,1,3,1,1,1,1,1,1,1,1,7,3,3,3,2/15/2016 14:37:56,2nd Grade,Female,24,2,Graduate,White/Caucasian,14,16,6,6,7.21052631578947,6.78947368421053,10.2631578947368,5.73684210526316,10.7368421052632,-4.73684210526316,11.1578947368421,-5.1578947368421,1,1,0,0,0,0,0,0,0,0,0,0,0
2/15/2016 15:14:19,A,Female,8,Black/African American,1,1,1,3,3,2,3,2,1,2,2,2,1,1,2,2,2,2,1,2,2,2,2,1,1,2,2,2,2,0,2,1,1,2,2,1,1,2,2,2,2,1,1,1,1,2,3,2,2,1,5,2,2,2,2/15/2016 14:37:56,2nd Grade,Female,24,2,Graduate,White/Caucasian,11,14,10,8,7.21052631578947,3.78947368421053,10.2631578947368,3.73684210526316,10.7368421052632,-.736842105263158,11.1578947368421,-3.1578947368421,1,1,0,0,0,0,0,0,0,0,0,0,0
2/15/2016 15:15:21,A,Female,8,Black/African American,0,0,0,0,0,0,1,1,0,0,0,0,0,0,3,3,3,3,3,3,3,3,3,3,3,3,3,3,3,3,3,3,3,3,3,3,3,3,3,3,3,3,3,3,3,3,3,3,3,3,10,1,2,2,2/15/2016 14:37:56,2nd Grade,Female,24,2,Graduate,White/Caucasian,1,1,18,18,7.21052631578947,-6.21052631578947,10.2631578947368,-9.26315789473684,10.7368421052632,7.26315789473684,11.1578947368421,6.8421052631579,1,1,0,0,0,0,0,0,0,0,0,0,0
2/15/2016 14:43:26,B,Female,8,Black/African American,3,2,2,2,2,1,1,1,0,1,1,2,1,1,1,1,2,1,1,2,0,1,1,0,1,1,1,1,0,0,2,1,1,1,2,1,1,2,2,2,1,0,1,1,0,2,2,2,1,0,7,1,1,3,2/15/2016 14:38:22,3rd Grade,Female,25,3,Graduate,White/Caucasian,7,13,9,5,4,3,4.7,8.3,14.2,-5.2,12.65,-7.65,2,0,1,0,0,0,0,0,0,0,0,0,0
2/15/2016 14:51:04,B,Female,8,Black/African American,0,2,1,1,1,1,0,2,1,0,1,3,2,1,2,3,3,2,1,2,2,2,2,1,0,2,0,1,1,1,1,2,0,2,2,1,1,2,2,2,3,0,1,1,1,1,2,2,1,0,5,2,2,3,2/15/2016 14:38:22,3rd Grade,Female,25,3,Graduate,White/Caucasian,10,6,9,5,4,6,4.7,1.3,14.2,-5.2,12.65,-7.65,2,0,1,0,0,0,0,0,0,0,0,0,0
2/15/2016 14:59:46,B,Male,8,Black/African American,0,0,0,0,0,0,2,1,0,2,0,3,1,0,3,3,3,3,3,3,3,3,3,3,3,3,0,3,1,1,3,1,0,3,2,3,3,3,3,3,3,1,0,1,1,3,3,2,0,0,6,1,2,3,2/15/2016 14:38:22,3rd Grade,Female,25,3,Graduate,White/Caucasian,7,2,18,2,4,3,4.7,-2.7,14.2,3.8,12.65,-10.65,2,0,1,0,0,0,0,0,0,0,0,0,0
2/15/2016 15:05:33,B,Male,8,Black/African American,0,0,0,0,0,2,3,0,0,0,0,0,0,0,2,3,3,3,2,3,3,3,3,2,2,3,2,1,1,0,3,3,2,2,3,3,3,3,3,3,3,2,2,3,1,3,3,3,3,3,8,3,2,1,2/15/2016 14:38:22,3rd Grade,Female,25,3,Graduate,White/Caucasian,0,5,17,13,4,-4,4.7,.3,14.2,2.8,12.65,.35,2,0,1,0,0,0,0,0,0,0,0,0,0
2/15/2016 15:16:17,B,Male,8,Black/African American,2,2,2,2,2,2,2,2,2,2,2,2,2,2,1,1,1,1,1,1,1,1,1,1,1,1,1,1,1,1,1,1,1,1,1,1,1,1,1,1,1,1,1,1,1,1,1,1,1,1,8,2,2,2,2/15/2016 14:38:22,3rd Grade,Female,25,3,Graduate,White/Caucasian,14,14,6,6,4,10,4.7,9.3,14.2,-8.2,12.65,-6.65,2,0,1,0,0,0,0,0,0,0,0,0,0
2/15/2016 15:19:53,B,Male,8,Black/African American,0,0,0,2,0,0,0,0,0,1,0,0,0,0,3,3,3,3,3,3,3,3,3,3,3,3,3,3,3,3,3,3,3,3,3,3,3,3,3,3,3,3,3,3,3,3,3,3,3,3,10,4,4,0,2/15/2016 14:38:22,3rd Grade,Female,25,3,Graduate,White/Caucasian,1,2,18,18,4,-3,4.7,-2.7,14.2,3.8,12.65,5.35,2,0,1,0,0,0,0,0,0,0,0,0,0
2/15/2016 15:22:18,B,Female,8,Black/African American,0,0,0,0,0,0,0,1,0,1,0,0,0,0,3,3,3,3,3,3,3,3,3,3,3,3,3,3,3,3,3,3,3,3,3,3,3,3,3,3,3,2,3,3,3,3,3,3,3,3,10,2,2,3,2/15/2016 14:38:22,3rd Grade,Female,25,3,Graduate,White/Caucasian,2,0,18,18,4,-2,4.7,-4.7,14.2,3.8,12.65,5.35,2,0,1,0,0,0,0,0,0,0,0,0,0
2/15/2016 14:46:19,B,Female,9,Black/African American,0,0,1,0,0,0,0,0,0,1,0,0,0,0,3,3,3,3,3,3,3,3,3,3,3,3,3,3,3,3,3,3,3,3,3,3,3,3,3,3,3,3,3,3,3,3,3,3,3,3,10,4,4,1,2/15/2016 14:38:22,3rd Grade,Female,25,3,Graduate,White/Caucasian,1,1,18,18,4,-3,4.7,-3.7,14.2,3.8,12.65,5.35,2,0,1,0,0,0,0,0,0,0,0,0,0
2/15/2016 14:48:07,B,Female,9,Black/African American,0,0,0,0,0,0,0,0,0,0,0,0,0,0,3,3,3,3,3,3,3,3,3,3,3,3,3,3,3,3,3,3,3,3,3,3,3,3,3,3,3,3,3,3,3,3,3,3,3,3,10,5,5,0,2/15/2016 14:38:22,3rd Grade,Female,25,3,Graduate,White/Caucasian,0,0,18,18,4,-4,4.7,-4.7,14.2,3.8,12.65,5.35,2,0,1,0,0,0,0,0,0,0,0,0,0
2/15/2016 14:57:02,B,Male,9,Black/African American,2,2,2,3,2,2,2,1,1,1,1,1,1,1,2,2,2,1,2,1,1,2,2,1,1,2,2,2,2,2,0,2,2,0,2,2,2,2,1,2,2,1,2,2,2,2,2,2,2,2,10,3,3,0,2/15/2016 14:38:22,3rd Grade,Female,25,3,Graduate,White/Caucasian,7,15,7,12,4,3,4.7,10.3,14.2,-7.2,12.65,-.65,2,0,1,0,0,0,0,0,0,0,0,0,0
2/15/2016 15:01:36,B,Male,9,Black/African American,0,0,0,0,0,0,1,0,0,1,0,0,0,0,3,3,3,3,3,3,3,3,3,3,3,3,3,3,3,3,3,3,3,3,3,3,3,3,3,3,3,3,3,3,3,3,3,3,3,3,10,5,5,1,2/15/2016 14:38:22,3rd Grade,Female,25,3,Graduate,White/Caucasian,1,1,18,18,4,-3,4.7,-3.7,14.2,3.8,12.65,5.35,2,0,1,0,0,0,0,0,0,0,0,0,0
2/15/2016 15:03:06,B,Female,9,Black/African American,0,0,0,0,0,0,0,0,0,1,0,0,0,0,3,3,3,3,3,3,3,3,3,3,3,3,3,3,3,3,3,3,3,3,3,3,3,3,3,3,3,3,3,3,3,3,3,3,3,3,10,3,3,5,2/15/2016 14:38:22,3rd Grade,Female,25,3,Graduate,White/Caucasian,1,0,18,18,4,-3,4.7,-4.7,14.2,3.8,12.65,5.35,2,0,1,0,0,0,0,0,0,0,0,0,0
2/15/2016 15:08:20,B,Female,9,Black/African American,2,2,2,2,2,2,3,2,0,1,2,1,1,1,1,1,2,1,1,1,1,1,1,1,1,3,2,1,1,1,1,1,2,1,3,1,2,2,1,1,2,1,2,1,2,3,3,2,3,1,9,3,2,4,2/15/2016 14:38:22,3rd Grade,Female,25,3,Graduate,White/Caucasian,8,15,8,12,4,4,4.7,10.3,14.2,-6.2,12.65,-.65,2,0,1,0,0,0,0,0,0,0,0,0,0
2/15/2016 15:11:04,B,Male,9,Black/African American,0,1,0,3,1,2,2,2,0,0,0,0,0,0,1,3,1,2,2,2,2,3,2,0,0,3,3,1,1,2,2,2,2,2,2,3,1,3,1,3,2,2,2,2,3,2,2,2,3,3,9,4,4,2,2/15/2016 14:38:22,3rd Grade,Female,25,3,Graduate,White/Caucasian,2,9,7,15,4,-2,4.7,4.3,14.2,-7.2,12.65,2.35,2,0,1,0,0,0,0,0,0,0,0,0,0
2/15/2016 15:14:30,B,Female,9,Black/African American,0,0,2,0,0,0,0,0,0,0,0,2,2,0,3,3,2,2,3,1,2,2,2,1,2,3,0,2,2,2,2,2,1,2,2,2,2,2,1,1,2,1,1,1,1,3,2,1,1,1,9,2,2,0,2/15/2016 14:38:22,3rd Grade,Female,25,3,Graduate,White/Caucasian,4,2,11,6,4,0,4.7,-2.7,14.2,-3.2,12.65,-6.65,2,0,1,0,0,0,0,0,0,0,0,0,0
2/15/2016 15:18:01,B,Female,9,Black/African American,0,0,0,0,0,0,0,0,0,1,0,0,1,0,3,3,3,3,3,3,3,3,3,3,3,3,3,3,3,3,3,3,3,3,3,3,3,3,3,3,3,3,3,3,3,3,3,3,3,3,10,4,3,3,2/15/2016 14:38:22,3rd Grade,Female,25,3,Graduate,White/Caucasian,2,0,18,18,4,-2,4.7,-4.7,14.2,3.8,12.65,5.35,2,0,1,0,0,0,0,0,0,0,0,0,0
2/15/2016 15:27:08,B,Female,9,Black/African American,0,0,0,0,1,0,2,0,0,1,0,2,1,0,3,3,3,3,3,3,1,3,3,1,2,3,0,3,1,1,3,0,0,1,2,1,3,3,1,1,1,0,1,1,0,3,3,2,0,1,9,2,2,3,2/15/2016 14:38:22,3rd Grade,Female,25,3,Graduate,White/Caucasian,4,3,15,1,4,0,4.7,-1.7,14.2,.800000000000001,12.65,-11.65,2,0,1,0,0,0,0,0,0,0,0,0,0
2/15/2016 15:29:21,B,Male,9,Black/African American,0,0,0,2,0,0,2,1,0,1,0,2,1,0,3,3,3,3,3,3,3,3,3,1,3,3,1,3,2,3,2,3,1,2,3,2,3,3,3,3,3,1,3,1,3,3,3,3,3,3,10,2,2,2,2/15/2016 14:38:22,3rd Grade,Female,25,3,Graduate,White/Caucasian,5,4,17,14,4,1,4.7,-.7,14.2,2.8,12.65,1.35,2,0,1,0,0,0,0,0,0,0,0,0,0
2/15/2016 15:31:00,B,Female,9,Black/African American,0,0,0,0,0,0,0,0,0,2,0,1,0,0,3,3,3,3,3,3,3,3,3,3,3,3,3,3,3,3,3,3,3,3,3,3,3,3,3,3,3,3,3,3,3,3,3,3,3,3,10,4,4,1,2/15/2016 14:38:22,3rd Grade,Female,25,3,Graduate,White/Caucasian,3,0,18,18,4,-1,4.7,-4.7,14.2,3.8,12.65,5.35,2,0,1,0,0,0,0,0,0,0,0,0,0
2/15/2016 15:24:30,B,Female,10,Black/African American,0,0,0,0,0,2,0,0,0,1,0,0,0,0,3,3,3,3,2,3,3,3,3,1,2,3,3,2,3,2,2,3,3,2,1,3,3,3,3,3,3,1,3,2,3,3,3,3,3,2,9,1,1,1,2/15/2016 14:38:22,3rd Grade,Female,25,3,Graduate,White/Caucasian,1,2,16,18,4,-3,4.7,-2.7,14.2,1.8,12.65,5.35,2,0,1,0,0,0,0,0,0,0,0,0,0
2/15/2016 14:48:48,C,Male,9,Black/African American,0,1,0,1,0,1,1,0,0,1,0,0,1,1,3,3,2,3,3,2,2,2,2,2,2,3,3,3,3,3,1,3,3,2,3,2,2,3,3,3,3,2,2,3,3,2,2,3,2,3,9,2,3,2,2/15/2016 14:44:30,4th Grade,Male,32,10,Graduate,White/Caucasian,3,4,13,16,8,-5,9.57894736842105,-5.57894736842105,11.5263157894737,1.47368421052632,9.94736842105263,6.05263157894737,3,0,0,1,0,0,0,0,0,0,0,0,0
2/15/2016 14:58:16,C,Male,9,Black/African American,2,3,2,3,1,2,2,2,3,3,3,2,2,2,1,1,2,1,0,1,1,1,1,1,1,2,0,2,1,1,1,1,1,0,1,0,1,1,1,0,0,0,2,1,1,0,1,1,1,1,6,3,2,3,2/15/2016 14:44:30,4th Grade,Male,32,10,Graduate,White/Caucasian,17,15,7,6,8,9,9.57894736842105,5.42105263157895,11.5263157894737,-4.52631578947368,9.94736842105263,-3.94736842105263,3,0,0,1,0,0,0,0,0,0,0,0,0
2/15/2016 15:04:36,C,Female,9,Black/African American,1,2,0,2,1,1,1,1,0,1,1,0,1,0,3,2,2,2,2,2,2,2,2,1,2,2,2,2,3,2,2,2,1,1,2,2,2,2,2,2,3,3,3,2,2,3,2,2,2,2,9,3,3,1,2/15/2016 14:44:30,4th Grade,Male,32,10,Graduate,White/Caucasian,4,8,12,12,8,-4,9.57894736842105,-1.57894736842105,11.5263157894737,.473684210526315,9.94736842105263,2.05263157894737,3,0,0,1,0,0,0,0,0,0,0,0,0
2/15/2016 15:07:27,C,Female,9,Black/African American,0,0,0,0,0,0,0,0,0,1,1,0,1,1,3,3,3,3,3,3,3,3,3,3,3,3,2,3,3,2,3,2,2,3,3,2,3,3,3,2,3,2,2,3,2,3,3,3,2,2,9,5,3,1,2/15/2016 14:44:30,4th Grade,Male,32,10,Graduate,White/Caucasian,4,0,18,12,8,-4,9.57894736842105,-9.57894736842105,11.5263157894737,6.47368421052632,9.94736842105263,2.05263157894737,3,0,0,1,0,0,0,0,0,0,0,0,0
2/15/2016 15:10:41,C,Male,9,Black/African American,2,2,1,2,2,2,2,0,1,0,1,1,1,0,2,2,2,2,1,2,2,2,1,1,2,2,2,2,2,2,1,2,2,1,2,3,2,1,2,2,2,2,3,3,3,1,2,2,2,2,9,5,5,1,2/15/2016 14:44:30,4th Grade,Male,32,10,Graduate,White/Caucasian,4,13,11,14,8,-4,9.57894736842105,3.42105263157895,11.5263157894737,-.526315789473685,9.94736842105263,4.05263157894737,3,0,0,1,0,0,0,0,0,0,0,0,0
2/15/2016 15:14:01,C,Female,9,Black/African American,1,2,1,2,0,1,1,2,1,1,1,2,1,1,2,2,2,2,2,2,2,2,2,1,2,3,1,2,2,2,1,2,2,1,2,2,2,2,2,1,2,2,2,2,2,2,2,2,2,2,8,3,3,1,2/15/2016 14:44:30,4th Grade,Male,32,10,Graduate,White/Caucasian,9,8,11,11,8,1,9.57894736842105,-1.57894736842105,11.5263157894737,-.526315789473685,9.94736842105263,1.05263157894737,3,0,0,1,0,0,0,0,0,0,0,0,0
2/15/2016 15:17:15,C,Male,9,Black/African American,0,1,1,1,1,2,3,1,1,1,1,0,0,1,1,1,2,2,1,2,2,2,2,2,2,3,1,1,0,1,2,1,1,1,2,2,3,2,2,2,3,0,0,1,2,2,3,3,2,1,5,1,1,2,2/15/2016 14:44:30,4th Grade,Male,32,10,Graduate,White/Caucasian,5,9,13,7,8,-3,9.57894736842105,-.578947368421053,11.5263157894737,1.47368421052632,9.94736842105263,-2.94736842105263,3,0,0,1,0,0,0,0,0,0,0,0,0
2/15/2016 15:20:19,C,Female,9,Black/African American,1,2,1,1,0,1,1,2,1,1,0,2,2,2,1,2,2,2,2,2,2,2,2,1,2,2,1,2,1,1,1,1,1,1,1,1,2,2,2,2,3,1,1,1,1,2,2,2,2,1,6,2,2,2,2/15/2016 14:44:30,4th Grade,Male,32,10,Graduate,White/Caucasian,10,7,11,7,8,2,9.57894736842105,-2.57894736842105,11.5263157894737,-.526315789473685,9.94736842105263,-2.94736842105263,3,0,0,1,0,0,0,0,0,0,0,0,0
2/15/2016 15:23:18,C,Male,9,Black/African American,2,2,1,2,1,0,3,1,1,1,0,1,2,0,2,2,2,2,1,2,2,2,2,0,2,2,3,2,3,2,1,3,3,1,2,3,3,2,3,3,3,3,3,3,3,3,3,3,3,2,9,2,5,1,2/15/2016 14:44:30,4th Grade,Male,32,10,Graduate,White/Caucasian,6,11,13,18,8,-2,9.57894736842105,1.42105263157895,11.5263157894737,1.47368421052632,9.94736842105263,8.05263157894737,3,0,0,1,0,0,0,0,0,0,0,0,0
2/15/2016 15:25:58,C,Female,9,Black/African American,1,1,1,2,1,1,2,1,0,1,3,0,0,1,1,2,2,2,2,2,2,2,2,1,2,2,1,2,1,1,1,1,2,1,2,3,2,2,2,2,2,2,2,3,3,2,2,2,2,1,5,3,2,3,2/15/2016 14:44:30,4th Grade,Male,32,10,Graduate,White/Caucasian,6,9,11,11,8,-2,9.57894736842105,-.578947368421053,11.5263157894737,-.526315789473685,9.94736842105263,1.05263157894737,3,0,0,1,0,0,0,0,0,0,0,0,0
2/15/2016 15:29:02,C,Male,9,Black/African American,0,2,0,1,1,1,2,0,0,1,0,1,0,1,1,2,2,3,2,3,3,3,3,2,2,3,1,2,1,2,2,1,2,2,2,2,3,3,3,3,3,2,2,2,2,3,3,2,2,2,8,4,3,2,2/15/2016 14:44:30,4th Grade,Male,32,10,Graduate,White/Caucasian,3,7,15,10,8,-5,9.57894736842105,-2.57894736842105,11.5263157894737,3.47368421052632,9.94736842105263,.0526315789473681,3,0,0,1,0,0,0,0,0,0,0,0,0
2/15/2016 15:32:41,C,Female,9,Black/African American,2,2,2,2,2,2,2,2,1,1,2,1,1,1,1,1,2,1,1,1,1,2,1,1,1,2,1,1,1,1,0,1,2,0,1,2,2,1,1,2,2,1,2,2,2,1,2,2,2,1,6,4,3,1,2/15/2016 14:44:30,4th Grade,Male,32,10,Graduate,White/Caucasian,9,14,7,10,8,1,9.57894736842105,4.42105263157895,11.5263157894737,-4.52631578947368,9.94736842105263,.0526315789473681,3,0,0,1,0,0,0,0,0,0,0,0,0
2/15/2016 14:52:12,C,Female,10,Black/African American,0,3,2,1,3,0,1,2,2,3,3,1,2,3,3,3,2,2,0,1,1,0,1,1,2,3,0,3,1,1,1,1,1,0,2,3,0,0,1,1,1,1,1,3,2,2,3,3,2,0,8,2,2,2,2/15/2016 14:44:30,4th Grade,Male,32,10,Graduate,White/Caucasian,16,10,8,7,8,8,9.57894736842105,.421052631578947,11.5263157894737,-3.52631578947368,9.94736842105263,-2.94736842105263,3,0,0,1,0,0,0,0,0,0,0,0,0
2/18/2016 15:31:45,C,Female,9,Black/African American,0,1,0,1,0,0,1,1,0,1,1,1,1,0,2,3,3,3,3,3,3,3,3,3,3,3,1,3,2,2,3,1,1,2,2,2,2,3,3,2,3,1,2,1,1,2,2,2,2,2,6,4,2,4,2/15/2016 14:44:30,4th Grade,Male,32,10,Graduate,White/Caucasian,5,3,17,8,8,-3,9.57894736842105,-6.57894736842105,11.5263157894737,5.47368421052632,9.94736842105263,-1.94736842105263,3,0,0,1,0,0,0,0,0,0,0,0,0
2/18/2016 15:35:45,C,Female,9,Black/African American,2,2,2,2,2,2,3,1,1,1,2,1,1,2,2,2,2,2,2,2,2,2,1,1,2,2,1,2,1,1,1,1,1,1,2,2,2,2,1,2,2,1,1,1,1,1,2,2,1,1,4,3,2,3,2/15/2016 14:44:30,4th Grade,Male,32,10,Graduate,White/Caucasian,9,15,10,6,8,1,9.57894736842105,5.42105263157895,11.5263157894737,-1.52631578947368,9.94736842105263,-3.94736842105263,3,0,0,1,0,0,0,0,0,0,0,0,0
2/18/2016 15:38:59,C,Female,9,Black/African American,3,3,2,3,2,2,2,1,1,2,2,2,2,1,1,1,1,1,1,1,1,1,1,0,1,1,2,1,2,2,1,2,3,0,1,2,1,1,1,1,1,2,2,2,2,1,2,2,2,2,6,3,5,1,2/15/2016 14:44:30,4th Grade,Male,32,10,Graduate,White/Caucasian,11,17,6,13,8,3,9.57894736842105,7.42105263157895,11.5263157894737,-5.52631578947368,9.94736842105263,3.05263157894737,3,0,0,1,0,0,0,0,0,0,0,0,0
2/18/2016 15:41:54,C,Female,9,Black/African American,1,2,2,2,2,1,1,2,2,1,3,2,2,3,2,2,2,2,2,2,2,2,2,1,2,2,1,2,1,1,1,1,1,1,1,1,2,2,2,3,2,1,1,2,1,2,2,2,1,1,4,1,1,4,2/15/2016 14:44:30,4th Grade,Male,32,10,Graduate,White/Caucasian,15,11,11,6,8,7,9.57894736842105,1.42105263157895,11.5263157894737,-.526315789473685,9.94736842105263,-3.94736842105263,3,0,0,1,0,0,0,0,0,0,0,0,0
2/18/2016 15:45:02,C,Female,9,Black/African American,2,2,1,2,1,2,0,1,0,0,1,2,2,1,2,2,3,2,2,2,2,2,2,2,3,3,2,2,2,2,2,2,1,2,1,1,2,2,2,3,3,1,1,2,2,3,2,2,1,2,8,2,2,3,2/15/2016 14:44:30,4th Grade,Male,32,10,Graduate,White/Caucasian,7,10,14,9,8,-1,9.57894736842105,.421052631578947,11.5263157894737,2.47368421052632,9.94736842105263,-.947368421052632,3,0,0,1,0,0,0,0,0,0,0,0,0
2/18/2016 15:48:00,C,Female,9,Black/African American,1,2,1,2,1,2,2,1,1,1,2,1,1,2,2,2,2,2,2,2,2,2,2,2,2,2,1,2,1,1,1,1,1,1,2,1,2,2,2,2,3,1,1,1,1,2,2,3,1,1,5,1,1,4,2/15/2016 14:44:30,4th Grade,Male,32,10,Graduate,White/Caucasian,9,11,11,6,8,1,9.57894736842105,1.42105263157895,11.5263157894737,-.526315789473685,9.94736842105263,-3.94736842105263,3,0,0,1,0,0,0,0,0,0,0,0,0
2/15/2016 14:49:14,D,Female,10,Black/African American,1,3,3,3,2,2,2,2,1,3,1,3,3,2,2,2,2,2,0,1,2,1,1,0,1,3,0,1,1,1,0,0,0,0,1,0,1,2,1,1,1,1,1,1,1,2,1,1,0,1,7,1,1,5,2/15/2016 14:40:17,5th Grade,Female,34,7,Graduate,White/Caucasian,15,16,7,2,5.57142857142857,9.42857142857143,5.90476190476191,10.0952380952381,13.3333333333333,-6.33333333333333,12.1904761904762,-10.1904761904762,4,0,0,0,1,0,0,0,0,0,0,0,0
2/15/2016 14:57:10,D,Male,10,Black/African American,0,0,0,0,0,0,1,0,0,0,0,0,0,0,3,3,3,3,3,3,3,3,3,2,3,3,3,2,2,3,3,2,3,3,3,3,3,3,3,3,3,2,2,3,3,3,3,3,3,3,10,2,1,0,2/15/2016 14:40:17,5th Grade,Female,34,7,Graduate,White/Caucasian,0,1,18,16,5.57142857142857,-5.57142857142857,5.90476190476191,-4.90476190476191,13.3333333333333,4.66666666666667,12.1904761904762,3.80952380952381,4,0,0,0,1,0,0,0,0,0,0,0,0
2/15/2016 14:59:13,D,Female,10,Black/African American,0,0,0,0,0,0,0,0,0,0,1,0,0,0,3,3,3,2,3,3,2,3,3,3,3,3,3,3,3,2,3,2,3,3,3,3,3,3,3,3,3,3,3,3,3,3,3,3,3,3,9,5,4,0,2/15/2016 14:40:17,5th Grade,Female,34,7,Graduate,White/Caucasian,1,0,17,17,5.57142857142857,-4.57142857142857,5.90476190476191,-5.90476190476191,13.3333333333333,3.66666666666667,12.1904761904762,4.80952380952381,4,0,0,0,1,0,0,0,0,0,0,0,0
2/15/2016 15:13:42,D,Female,10,Black/African American,0,2,0,1,0,2,2,1,1,0,0,0,1,2,1,3,2,3,1,2,2,3,2,2,1,3,2,2,1,1,3,1,1,2,2,2,2,2,2,2,2,2,3,1,3,2,3,2,1,1,7,2,2,4,2/15/2016 14:40:17,5th Grade,Female,34,7,Graduate,White/Caucasian,5,7,13,11,5.57142857142857,-.571428571428571,5.90476190476191,1.09523809523809,13.3333333333333,-.333333333333334,12.1904761904762,-1.19047619047619,4,0,0,0,1,0,0,0,0,0,0,0,0
2/15/2016 15:19:34,D,Female,10,Black/African American,0,0,0,0,0,0,0,0,0,3,2,2,0,0,3,3,3,3,3,3,3,3,3,3,3,3,3,3,3,3,3,3,3,3,3,3,3,3,3,3,3,3,3,3,3,3,3,3,3,3,10,5,3,3,2/15/2016 14:40:17,5th Grade,Female,34,7,Graduate,White/Caucasian,7,0,18,18,5.57142857142857,1.42857142857143,5.90476190476191,-5.90476190476191,13.3333333333333,4.66666666666667,12.1904761904762,5.80952380952381,4,0,0,0,1,0,0,0,0,0,0,0,0
2/15/2016 14:45:54,D,Female,11,Black/African American,0,1,0,1,1,1,2,1,0,0,0,2,1,0,2,3,2,3,3,1,2,3,2,2,2,3,1,2,0,0,3,0,0,2,2,0,1,2,3,2,2,0,0,2,0,1,3,3,1,0,3,1,1,2,2/15/2016 14:40:17,5th Grade,Female,34,7,Graduate,White/Caucasian,4,6,14,2,5.57142857142857,-1.57142857142857,5.90476190476191,.0952380952380949,13.3333333333333,.666666666666666,12.1904761904762,-10.1904761904762,4,0,0,0,1,0,0,0,0,0,0,0,0
2/15/2016 14:48:41,D,Female,11,Black/African American,0,1,1,0,0,0,0,0,0,0,0,1,0,1,2,2,2,3,2,2,2,2,3,2,2,3,3,2,2,2,3,3,3,3,3,3,3,3,3,3,3,3,3,3,3,3,3,3,3,3,9,4,3,2,2/15/2016 14:40:17,5th Grade,Female,34,7,Graduate,White/Caucasian,2,2,16,18,5.57142857142857,-3.57142857142857,5.90476190476191,-3.90476190476191,13.3333333333333,2.66666666666667,12.1904761904762,5.80952380952381,4,0,0,0,1,0,0,0,0,0,0,0,0
2/15/2016 14:52:21,D,Male,11,Black/African American,0,3,2,2,2,3,2,0,2,2,2,3,2,0,1,2,1,1,1,1,0,1,1,1,1,3,1,0,1,0,1,1,0,2,3,0,0,0,1,2,2,0,0,2,2,2,2,2,2,1,4,1,2,5,2/15/2016 14:40:17,5th Grade,Female,34,7,Graduate,White/Caucasian,11,14,5,6,5.57142857142857,5.42857142857143,5.90476190476191,8.09523809523809,13.3333333333333,-8.33333333333333,12.1904761904762,-6.19047619047619,4,0,0,0,1,0,0,0,0,0,0,0,0
2/15/2016 14:55:00,D,Male,11,Black/African American,0,0,0,0,0,0,0,0,0,0,0,1,1,0,3,3,3,3,3,3,3,3,3,3,3,3,3,3,3,2,3,2,3,3,3,3,3,3,2,3,3,3,3,3,3,3,3,2,3,3,10,4,4,0,2/15/2016 14:40:17,5th Grade,Female,34,7,Graduate,White/Caucasian,2,0,17,17,5.57142857142857,-3.57142857142857,5.90476190476191,-5.90476190476191,13.3333333333333,3.66666666666667,12.1904761904762,4.80952380952381,4,0,0,0,1,0,0,0,0,0,0,0,0
2/15/2016 15:00:37,D,Male,11,Black/African American,0,2,1,1,2,3,2,2,1,2,1,1,1,1,1,3,2,2,0,1,2,1,1,1,2,3,1,1,1,0,2,1,1,1,2,1,1,1,2,2,2,0,0,2,1,1,2,2,1,0,5,1,1,6,2/15/2016 14:40:17,5th Grade,Female,34,7,Graduate,White/Caucasian,9,11,11,5,5.57142857142857,3.42857142857143,5.90476190476191,5.09523809523809,13.3333333333333,-2.33333333333333,12.1904761904762,-7.19047619047619,4,0,0,0,1,0,0,0,0,0,0,0,0
2/15/2016 15:01:57,D,Female,11,Black/African American,0,1,1,0,0,1,0,0,1,0,0,0,0,0,2,2,3,3,2,2,2,2,2,2,3,3,3,3,2,2,2,3,3,3,3,3,3,2,2,3,3,3,3,3,3,3,3,2,3,3,10,4,3,1,2/15/2016 14:40:17,5th Grade,Female,34,7,Graduate,White/Caucasian,1,3,16,18,5.57142857142857,-4.57142857142857,5.90476190476191,-2.90476190476191,13.3333333333333,2.66666666666667,12.1904761904762,5.80952380952381,4,0,0,0,1,0,0,0,0,0,0,0,0
2/15/2016 15:08:49,D,Male,11,Black/African American,0,1,1,0,1,0,1,2,0,0,0,0,1,0,2,3,2,2,2,2,2,2,2,3,3,3,2,2,2,2,2,2,1,1,3,2,2,2,2,3,2,1,1,2,3,3,2,2,3,2,8,2,1,3,2/15/2016 14:40:17,5th Grade,Female,34,7,Graduate,White/Caucasian,3,4,13,12,5.57142857142857,-2.57142857142857,5.90476190476191,-1.90476190476191,13.3333333333333,-.333333333333334,12.1904761904762,-.19047619047619,4,0,0,0,1,0,0,0,0,0,0,0,0
2/15/2016 15:09:30,D,Male,11,Black/African American,1,3,2,2,1,1,2,2,1,2,2,2,2,2,2,2,2,2,1,2,2,2,1,0,2,3,3,2,2,2,1,2,2,1,2,2,2,2,2,2,2,2,2,2,2,2,2,2,2,2,9,3,3,2,2/15/2016 14:40:17,5th Grade,Female,34,7,Graduate,White/Caucasian,13,12,11,13,5.57142857142857,7.42857142857143,5.90476190476191,6.09523809523809,13.3333333333333,-2.33333333333333,12.1904761904762,.80952380952381,4,0,0,0,1,0,0,0,0,0,0,0,0
2/15/2016 15:11:20,D,Female,11,Black/African American,0,0,0,0,0,0,1,1,0,2,0,1,0,0,3,3,3,3,2,3,3,3,3,2,2,3,3,2,2,2,2,3,3,3,3,3,3,3,3,2,3,3,3,3,3,2,3,3,3,2,9,3,3,5,2/15/2016 14:40:17,5th Grade,Female,34,7,Graduate,White/Caucasian,4,1,16,18,5.57142857142857,-1.57142857142857,5.90476190476191,-4.90476190476191,13.3333333333333,2.66666666666667,12.1904761904762,5.80952380952381,4,0,0,0,1,0,0,0,0,0,0,0,0
2/15/2016 15:17:41,D,Male,11,Black/African American,1,3,3,3,3,2,1,3,2,3,0,3,3,2,2,2,2,1,1,0,0,0,1,1,1,2,2,1,2,1,0,2,0,0,0,0,0,0,1,0,1,2,2,1,2,2,1,1,0,1,9,3,3,0,2/15/2016 14:40:17,5th Grade,Female,34,7,Graduate,White/Caucasian,16,16,5,8,5.57142857142857,10.4285714285714,5.90476190476191,10.0952380952381,13.3333333333333,-8.33333333333333,12.1904761904762,-4.19047619047619,4,0,0,0,1,0,0,0,0,0,0,0,0
2/15/2016 15:24:50,D,Male,11,Black/African American,1,3,2,2,3,2,3,2,1,2,0,2,2,3,1,1,1,1,0,1,1,1,1,0,1,2,1,1,0,0,1,1,1,0,2,2,2,1,1,2,2,0,1,1,1,2,1,1,1,1,8,3,3,0,2/15/2016 14:40:17,5th Grade,Female,34,7,Graduate,White/Caucasian,12,16,7,6,5.57142857142857,6.42857142857143,5.90476190476191,10.0952380952381,13.3333333333333,-6.33333333333333,12.1904761904762,-6.19047619047619,4,0,0,0,1,0,0,0,0,0,0,0,0
2/15/2016 15:35:25,D,Female,11,Black/African American,0,0,0,0,0,0,0,1,0,0,0,0,0,0,3,3,3,3,3,3,3,3,3,3,3,3,3,3,3,3,3,3,3,3,3,3,3,3,3,3,3,3,3,3,3,3,3,3,3,3,10,5,4,2,2/15/2016 14:40:17,5th Grade,Female,34,7,Graduate,White/Caucasian,1,0,18,18,5.57142857142857,-4.57142857142857,5.90476190476191,-5.90476190476191,13.3333333333333,4.66666666666667,12.1904761904762,5.80952380952381,4,0,0,0,1,0,0,0,0,0,0,0,0
2/15/2016 19:57:41,D,Female,11,Black/African American,0,1,0,0,0,1,0,0,0,0,1,0,0,0,2,3,2,3,3,3,2,2,2,2,3,3,2,2,2,2,3,2,1,3,3,3,3,2,3,3,3,2,2,3,3,3,3,3,3,2,9,3,2,0,2/15/2016 14:40:17,5th Grade,Female,34,7,Graduate,White/Caucasian,1,2,17,13,5.57142857142857,-4.57142857142857,5.90476190476191,-3.90476190476191,13.3333333333333,3.66666666666667,12.1904761904762,.80952380952381,4,0,0,0,1,0,0,0,0,0,0,0,0
2/15/2016 20:04:20,D,Female,11,Black/African American,0,1,0,0,0,0,0,2,0,1,0,0,0,0,3,3,3,3,3,2,3,3,3,3,3,3,3,3,3,3,3,3,1,3,3,3,3,3,3,3,3,3,3,1,3,3,3,3,3,3,10,5,5,2,2/15/2016 14:40:17,5th Grade,Female,34,7,Graduate,White/Caucasian,3,1,18,16,5.57142857142857,-2.57142857142857,5.90476190476191,-4.90476190476191,13.3333333333333,4.66666666666667,12.1904761904762,3.80952380952381,4,0,0,0,1,0,0,0,0,0,0,0,0
2/15/2016 15:04:59,D,Male,12,Black/African American,0,2,1,2,0,3,3,0,3,0,2,0,0,0,1,2,1,1,0,2,1,1,1,0,1,3,1,1,0,0,1,2,0,1,3,2,1,1,1,1,3,0,0,2,2,0,3,3,2,0,2,1,1,0,2/15/2016 14:40:17,5th Grade,Female,34,7,Graduate,White/Caucasian,5,11,6,7,5.57142857142857,-.571428571428571,5.90476190476191,5.09523809523809,13.3333333333333,-7.33333333333333,12.1904761904762,-5.19047619047619,4,0,0,0,1,0,0,0,0,0,0,0,0
2/15/2016 19:55:03,D,Female,13,Black/African American,0,0,0,0,0,1,0,2,0,0,0,0,0,0,3,3,2,3,3,3,3,3,3,3,3,3,3,2,2,2,3,3,1,3,3,1,3,3,3,2,3,2,2,1,3,3,3,3,3,3,10,2,2,1,2/15/2016 14:40:17,5th Grade,Female,34,7,Graduate,White/Caucasian,2,1,17,15,5.57142857142857,-3.57142857142857,5.90476190476191,-4.90476190476191,13.3333333333333,3.66666666666667,12.1904761904762,2.80952380952381,4,0,0,0,1,0,0,0,0,0,0,0,0
2/15/2016 18:46:43,E,Female,5,Black/African American,0,0,0,0,0,0,0,1,0,0,0,1,0,0,3,3,3,3,3,3,3,3,3,3,3,3,3,3,0,3,3,3,0,3,2,1,3,3,3,3,3,0,1,3,3,3,3,3,3,3,2,1,1,4,2/15/2016 14:41:00,Kindergarten,Female,65,25,Bachelors,White/Caucasian,2,0,18,13,9.15384615384615,-7.15384615384615,10.8461538461538,-10.8461538461538,11.3846153846154,6.61538461538461,10.1538461538462,2.84615384615385,5,0,0,0,0,1,0,0,0,0,0,0,0
2/15/2016 18:54:04,E,Male,5,Black/African American,3,3,2,3,1,3,3,2,2,1,2,1,2,2,0,0,0,1,0,1,1,1,0,0,0,1,0,0,0,0,0,0,0,0,1,1,1,3,1,0,1,0,0,0,1,0,1,1,1,1,2,1,2,2,2/15/2016 14:41:00,Kindergarten,Female,65,25,Bachelors,White/Caucasian,12,18,3,2,9.15384615384615,2.84615384615385,10.8461538461538,7.15384615384615,11.3846153846154,-8.38461538461539,10.1538461538462,-8.15384615384615,5,0,0,0,0,1,0,0,0,0,0,0,0
2/15/2016 14:57:35,E,Female,6,American Indian/Alaskan Native,0,0,0,1,0,1,1,2,2,2,2,2,2,1,3,3,3,3,3,3,3,3,3,3,3,3,3,3,3,3,3,3,3,3,3,3,3,3,3,3,3,3,3,3,3,2,3,3,3,3,10,3,3,2,2/15/2016 14:41:00,Kindergarten,Female,65,25,Bachelors,White/Caucasian,13,3,18,18,9.15384615384615,3.84615384615385,10.8461538461538,-7.84615384615385,11.3846153846154,6.61538461538461,10.1538461538462,7.84615384615385,5,0,0,0,0,1,0,0,0,0,0,0,0
2/15/2016 15:05:20,E,Female,6,Black/African American,1,1,1,2,2,1,1,2,1,2,2,2,3,2,3,3,3,3,3,3,3,3,3,3,3,3,3,3,3,3,3,3,3,3,3,3,3,3,3,3,3,3,3,3,3,3,2,2,3,3,10,3,3,2,2/15/2016 14:41:00,Kindergarten,Female,65,25,Bachelors,White/Caucasian,14,9,18,18,9.15384615384615,4.84615384615385,10.8461538461538,-1.84615384615385,11.3846153846154,6.61538461538461,10.1538461538462,7.84615384615385,5,0,0,0,0,1,0,0,0,0,0,0,0
2/15/2016 15:13:44,E,Female,6,Black/African American,3,3,3,3,2,3,3,2,1,2,1,3,3,2,0,2,0,2,1,1,2,2,1,1,1,1,2,0,2,1,2,1,3,1,2,1,2,2,2,1,3,2,3,2,2,2,1,2,2,1,6,2,3,4,2/15/2016 14:41:00,Kindergarten,Female,65,25,Bachelors,White/Caucasian,14,20,9,13,9.15384615384615,4.84615384615385,10.8461538461538,9.15384615384615,11.3846153846154,-2.38461538461539,10.1538461538462,2.84615384615385,5,0,0,0,0,1,0,0,0,0,0,0,0
2/15/2016 15:36:19,E,Female,6,Black/African American,2,2,3,2,2,1,2,2,0,1,0,2,2,0,2,2,2,1,2,2,1,2,1,1,2,2,1,2,1,1,1,1,0,1,2,1,2,3,1,2,3,0,0,1,1,2,2,2,3,2,6,2,2,3,2/15/2016 14:41:00,Kindergarten,Female,65,25,Bachelors,White/Caucasian,7,14,9,6,9.15384615384615,-2.15384615384615,10.8461538461538,3.15384615384615,11.3846153846154,-2.38461538461539,10.1538461538462,-4.15384615384615,5,0,0,0,0,1,0,0,0,0,0,0,0
2/15/2016 17:57:32,E,Male,6,Black/African American,3,3,2,3,3,3,3,2,1,1,1,1,1,2,0,0,1,1,0,1,0,0,0,1,0,0,0,1,0,0,0,0,0,0,1,1,2,1,0,0,2,0,0,0,1,0,1,1,1,1,3,2,2,2,2/15/2016 14:41:00,Kindergarten,Female,65,25,Bachelors,White/Caucasian,9,20,4,2,9.15384615384615,-.153846153846153,10.8461538461538,9.15384615384615,11.3846153846154,-7.38461538461539,10.1538461538462,-8.15384615384615,5,0,0,0,0,1,0,0,0,0,0,0,0
2/15/2016 18:09:32,E,Male,6,Black/African American,1,1,1,1,1,1,1,1,1,1,1,1,1,1,3,3,2,2,3,2,2,1,2,1,3,2,2,2,2,2,1,2,1,1,3,2,3,2,2,2,3,2,2,2,2,1,2,2,2,3,9,3,3,2,2/15/2016 14:41:00,Kindergarten,Female,65,25,Bachelors,White/Caucasian,7,7,13,11,9.15384615384615,-2.15384615384615,10.8461538461538,-3.84615384615385,11.3846153846154,1.61538461538461,10.1538461538462,.846153846153847,5,0,0,0,0,1,0,0,0,0,0,0,0
2/15/2016 18:29:12,E,Male,6,Black/African American,0,2,1,1,0,1,0,1,1,2,1,1,0,0,3,3,3,3,3,3,3,3,3,3,3,3,3,3,3,3,3,3,3,3,3,3,3,3,3,3,3,3,3,3,3,3,3,3,3,3,10,3,3,5,2/15/2016 14:41:00,Kindergarten,Female,65,25,Bachelors,White/Caucasian,6,5,18,18,9.15384615384615,-3.15384615384615,10.8461538461538,-5.84615384615385,11.3846153846154,6.61538461538461,10.1538461538462,7.84615384615385,5,0,0,0,0,1,0,0,0,0,0,0,0
2/15/2016 18:40:40,E,Male,6,Black/African American,2,2,1,3,1,2,3,2,1,2,1,2,2,2,1,2,1,2,1,2,1,2,1,1,2,1,2,1,1,1,0,1,0,0,1,1,2,2,1,1,3,0,1,0,1,2,1,2,1,1,3,2,2,2,2/15/2016 14:41:00,Kindergarten,Female,65,25,Bachelors,White/Caucasian,12,14,8,6,9.15384615384615,2.84615384615385,10.8461538461538,3.15384615384615,11.3846153846154,-3.38461538461539,10.1538461538462,-4.15384615384615,5,0,0,0,0,1,0,0,0,0,0,0,0
2/15/2016 15:26:15,E,Male,7,Black/African American,3,3,3,1,2,3,3,2,1,1,1,2,3,2,0,0,0,1,0,0,0,0,1,0,0,0,1,0,0,0,0,0,0,0,1,1,1,3,0,0,2,0,0,1,0,1,1,1,1,1,1,2,2,3,2/15/2016 14:41:00,Kindergarten,Female,65,25,Bachelors,White/Caucasian,12,18,2,2,9.15384615384615,2.84615384615385,10.8461538461538,7.15384615384615,11.3846153846154,-9.38461538461539,10.1538461538462,-8.15384615384615,5,0,0,0,0,1,0,0,0,0,0,0,0
2/15/2016 18:22:20,E,Male,7,Black/African American,2,2,1,1,1,2,2,2,1,1,1,1,1,2,1,1,1,3,2,2,2,2,1,1,1,1,1,1,0,1,1,1,1,1,2,1,3,3,1,1,3,0,0,0,1,2,2,2,1,0,3,2,2,10,2/15/2016 14:41:00,Kindergarten,Female,65,25,Bachelors,White/Caucasian,9,11,10,5,9.15384615384615,-.153846153846153,10.8461538461538,.153846153846153,11.3846153846154,-1.38461538461539,10.1538461538462,-5.15384615384615,5,0,0,0,0,1,0,0,0,0,0,0,0
2/15/2016 17:45:18,E,Female,6,Black/African American,0,0,0,1,0,0,1,1,0,0,0,0,0,1,3,3,3,3,3,3,3,3,3,3,3,3,3,3,3,3,3,3,3,3,3,3,3,3,3,3,3,3,3,3,3,3,3,3,3,3,10,3,3,2,2/15/2016 14:41:00,Kindergarten,Female,65,25,Bachelors,White/Caucasian,2,2,18,18,9.15384615384615,-7.15384615384615,10.8461538461538,-8.84615384615385,11.3846153846154,6.61538461538461,10.1538461538462,7.84615384615385,5,0,0,0,0,1,0,0,0,0,0,0,0
2/15/2016 14:46:17,F,Male,11,Black/African American,0,2,1,1,1,1,0,2,0,2,1,0,1,2,3,3,3,2,2,3,3,3,2,2,3,3,2,3,3,3,3,2,2,2,3,3,3,3,3,2,3,2,2,2,3,3,3,3,3,3,10,3,2,2,2/15/2016 14:40:33,5th Grade,Female,28,5,Bachelors, ,8,6,17,14,8.375,-.375,10.625,-4.625,11.875,5.125,12,2,6,0,0,0,0,0,1,0,0,0,0,0,0
2/15/2016 14:56:10,F,Male,11,Black/African American,2,2,2,2,3,2,3,1,1,1,1,1,1,1,1,2,1,2,0,1,1,1,1,0,1,2,3,1,0,1,0,3,2,1,2,3,1,2,1,2,2,1,3,2,2,2,2,2,3,3,9,2,4,0,2/15/2016 14:40:33,5th Grade,Female,28,5,Bachelors, ,7,16,6,16,8.375,-1.375,10.625,5.375,11.875,-5.875,12,4,6,0,0,0,0,0,1,0,0,0,0,0,0
2/15/2016 15:03:43,F,Female,11,Black/African American,2,3,3,3,3,2,2,2,1,2,1,1,1,2,2,2,2,2,1,2,1,1,1,1,1,2,2,2,2,2,1,2,1,1,2,2,2,2,2,2,2,2,1,2,2,2,3,2,2,2,9,2,3,1,2/15/2016 14:40:33,5th Grade,Female,28,5,Bachelors, ,10,18,10,10,8.375,1.625,10.625,7.375,11.875,-1.875,12,-2,6,0,0,0,0,0,1,0,0,0,0,0,0
2/15/2016 15:06:13,F,Male,11,Black/African American,0,0,0,1,0,0,2,3,0,2,2,1,1,2,3,3,3,2,3,2,2,3,2,2,3,3,3,2,2,3,3,2,2,3,2,2,2,2,2,1,2,2,3,2,2,2,2,2,2,3,10,3,4,1,2/15/2016 14:40:33,5th Grade,Female,28,5,Bachelors, ,11,3,15,14,8.375,2.625,10.625,-7.625,11.875,3.125,12,2,6,0,0,0,0,0,1,0,0,0,0,0,0
2/15/2016 15:12:11,F,Female,11,Black/African American,1,3,3,2,3,2,3,2,1,2,0,1,1,2,2,3,2,2,1,1,2,1,1,1,1,3,1,2,2,1,1,1,1,1,2,2,2,1,2,2,2,2,1,2,2,2,2,2,2,1,7,3,2,7,2/15/2016 14:40:33,5th Grade,Female,28,5,Bachelors, ,9,17,10,8,8.375,.625,10.625,6.375,11.875,-1.875,12,-4,6,0,0,0,0,0,1,0,0,0,0,0,0
2/15/2016 15:18:42,F,Male,11,Black/African American,0,2,0,2,0,1,1,2,0,2,0,2,2,2,3,3,3,2,0,2,3,2,3,1,3,3,3,3,3,2,1,2,1,1,2,2,3,2,3,1,2,2,1,1,1,3,3,2,2,2,9,3,3,1,2/15/2016 14:40:33,5th Grade,Female,28,5,Bachelors, ,10,6,15,10,8.375,1.625,10.625,-4.625,11.875,3.125,12,-2,6,0,0,0,0,0,1,0,0,0,0,0,0
2/15/2016 15:26:51,F,Female,11,Native Hawaiian/Other Pacific Islander,0,1,0,0,1,0,0,0,0,2,0,0,0,0,3,3,3,3,2,3,3,3,3,3,3,3,3,3,3,2,3,2,3,3,3,3,3,3,3,3,3,3,3,3,2,3,3,3,2,3,10,3,3,4,2/15/2016 14:40:33,5th Grade,Female,28,5,Bachelors, ,2,2,18,15,8.375,-6.375,10.625,-8.625,11.875,6.125,12,3,6,0,0,0,0,0,1,0,0,0,0,0,0
2/15/2016 15:35:15,F,Male,11,Black/African American,1,3,2,2,3,3,3,2,2,0,0,1,2,3,1,1,1,2,0,1,0,1,1,0,0,1,1,0,0,0,0,2,2,1,1,0,0,1,1,0,2,0,2,1,0,1,2,0,2,1,7,2,3,0,2/15/2016 14:40:33,5th Grade,Female,28,5,Bachelors, ,10,17,4,9,8.375,1.625,10.625,6.375,11.875,-7.875,12,-3,6,0,0,0,0,0,1,0,0,0,0,0,0
2/15/2016 14:49:27,G,Female,5,Black/African American,1,0,0,0,1,0,2,1,1,0,0,1,1,3,3,3,3,3,3,3,3,3,3,3,2,3,3,3,2,3,3,2,2,3,2,3,3,3,3,3,3,3,2,3,2,3,3,3,3,2,9,3,3,5,2/15/2016 14:39:49,Kindergarten,Female,28,3,Bachelors,Two or More Races/Ethnicities,7,4,17,14,9.36363636363636,-2.36363636363636,7.72727272727273,-3.72727272727273,13.3636363636364,3.63636363636364,9.90909090909091,4.09090909090909,7,0,0,0,0,0,0,1,0,0,0,0,0
2/15/2016 14:55:39,G,Male,5,Black/African American,0,0,0,0,0,1,1,1,0,2,2,2,1,2,1,3,3,3,3,3,3,3,3,2,2,3,2,3,0,2,3,1,0,3,1,1,3,3,3,2,3,0,0,1,1,2,2,2,2,0,3,2,3,4,2/15/2016 14:39:49,Kindergarten,Female,28,3,Bachelors,Two or More Races/Ethnicities,10,2,17,6,9.36363636363636,.636363636363637,7.72727272727273,-5.72727272727273,13.3636363636364,3.63636363636364,9.90909090909091,-3.90909090909091,7,0,0,0,0,0,0,1,0,0,0,0,0
2/15/2016 15:01:31,G,Male,5,Black/African American,1,2,0,2,0,2,3,2,0,2,1,1,3,1,2,2,2,3,1,3,3,2,2,2,1,3,2,2,2,3,2,2,2,2,2,1,3,3,3,3,3,2,2,1,3,3,3,3,2,2,6,2,3,7,2/15/2016 14:39:49,Kindergarten,Female,28,3,Bachelors,Two or More Races/Ethnicities,10,10,14,13,9.36363636363636,.636363636363637,7.72727272727273,2.27272727272727,13.3636363636364,.636363636363637,9.90909090909091,3.09090909090909,7,0,0,0,0,0,0,1,0,0,0,0,0
2/15/2016 15:07:37,G,Male,5,Black/African American,1,2,1,1,2,3,3,1,1,2,1,1,1,1,0,1,0,2,1,0,2,0,2,1,1,2,1,0,0,0,2,0,1,0,1,1,0,2,1,3,0,0,1,2,2,1,2,2,2,0,2,2,3,3,2/15/2016 14:39:49,Kindergarten,Female,28,3,Bachelors,Two or More Races/Ethnicities,8,13,6,7,9.36363636363636,-1.36363636363636,7.72727272727273,5.27272727272727,13.3636363636364,-7.36363636363636,9.90909090909091,-2.90909090909091,7,0,0,0,0,0,0,1,0,0,0,0,0
2/15/2016 15:18:03,G,Male,5,Black/African American,1,2,3,1,1,2,2,3,1,2,2,2,3,3,2,2,2,1,1,1,1,2,0,1,0,3,1,2,1,1,1,2,0,1,1,1,2,3,3,1,2,1,0,0,2,2,2,0,0,2,6,2,3,10,2/15/2016 14:39:49,Kindergarten,Female,28,3,Bachelors,Two or More Races/Ethnicities,16,12,9,5,9.36363636363636,6.63636363636364,7.72727272727273,4.27272727272727,13.3636363636364,-4.36363636363636,9.90909090909091,-4.90909090909091,7,0,0,0,0,0,0,1,0,0,0,0,0
2/15/2016 15:22:43,G,Female,5,Black/African American,0,0,0,0,0,0,0,2,0,0,0,1,1,3,3,3,3,3,3,3,3,3,3,3,1,3,3,3,3,3,3,3,2,2,2,2,3,3,3,3,2,3,3,3,3,3,3,3,3,3,9,3,3,10,2/15/2016 14:39:49,Kindergarten,Female,28,3,Bachelors,Two or More Races/Ethnicities,7,0,16,17,9.36363636363636,-2.36363636363636,7.72727272727273,-7.72727272727273,13.3636363636364,2.63636363636364,9.90909090909091,7.09090909090909,7,0,0,0,0,0,0,1,0,0,0,0,0
2/15/2016 15:36:59,G,Male,5,Black/African American,1,2,2,2,1,2,2,2,2,1,2,1,2,1,2,2,2,2,2,2,2,2,2,1,2,3,1,2,0,1,1,1,1,1,1,2,2,2,3,3,3,1,1,2,2,2,2,1,2,2,4,2,2,5,2/15/2016 14:39:49,Kindergarten,Female,28,3,Bachelors,Two or More Races/Ethnicities,11,12,12,8,9.36363636363636,1.63636363636364,7.72727272727273,4.27272727272727,13.3636363636364,-1.36363636363636,9.90909090909091,-1.90909090909091,7,0,0,0,0,0,0,1,0,0,0,0,0
2/15/2016 15:42:18,G,Male,5,Black/African American,1,3,2,3,2,2,2,2,1,3,2,3,3,1,2,2,2,2,2,2,2,2,2,1,1,3,2,2,1,2,1,1,0,0,2,1,2,2,2,2,2,2,1,2,2,2,1,1,2,2,7,2,2,15,2/15/2016 14:39:49,Kindergarten,Female,28,3,Bachelors,Two or More Races/Ethnicities,15,15,10,8,9.36363636363636,5.63636363636364,7.72727272727273,7.27272727272727,13.3636363636364,-3.36363636363636,9.90909090909091,-1.90909090909091,7,0,0,0,0,0,0,1,0,0,0,0,0
2/15/2016 15:12:02,G,Male,6,Black/African American,0,1,0,1,1,1,2,1,0,1,1,1,1,0,2,3,3,3,2,3,3,3,3,3,2,3,2,3,2,1,2,1,1,2,2,2,3,3,3,3,3,0,2,2,2,2,3,3,2,1,6,1,1,5,2/15/2016 14:39:49,Kindergarten,Female,28,3,Bachelors,Two or More Races/Ethnicities,5,6,16,10,9.36363636363636,-4.36363636363636,7.72727272727273,-1.72727272727273,13.3636363636364,2.63636363636364,9.90909090909091,.0909090909090917,7,0,0,0,0,0,0,1,0,0,0,0,0
2/15/2016 15:26:38,G,Male,6,Black/African American,0,0,0,0,0,1,1,1,0,2,0,1,1,1,2,3,3,3,3,3,3,3,3,2,3,3,2,3,1,1,3,1,1,3,3,1,3,3,3,2,2,1,1,1,1,3,3,3,2,1,4,2,3,8,2/15/2016 14:39:49,Kindergarten,Female,28,3,Bachelors,Two or More Races/Ethnicities,6,2,18,8,9.36363636363636,-3.36363636363636,7.72727272727273,-5.72727272727273,13.3636363636364,4.63636363636364,9.90909090909091,-1.90909090909091,7,0,0,0,0,0,0,1,0,0,0,0,0
2/15/2016 15:31:24,G,Female,6,Black/African American,0,1,2,1,1,2,2,1,1,1,1,1,1,2,2,3,3,2,3,2,2,2,2,2,2,3,3,2,2,3,1,3,0,2,2,1,2,2,2,3,3,1,2,2,2,3,3,2,3,3,8,2,2,6,2/15/2016 14:39:49,Kindergarten,Female,28,3,Bachelors,Two or More Races/Ethnicities,8,9,12,13,9.36363636363636,-1.36363636363636,7.72727272727273,1.27272727272727,13.3636363636364,-1.36363636363636,9.90909090909091,3.09090909090909,7,0,0,0,0,0,0,1,0,0,0,0,0
2/15/2016 14:48:24,H,Female,7,Black/African American,1,1,2,0,2,2,3,1,1,2,1,2,1,1,2,3,3,2,1,3,2,2,2,3,3,2,1,3,2,1,3,2,0,0,2,1,2,3,2,2,2,1,2,2,0,0,1,1,1,1,9,2,2,1,2/15/2016 14:39:05,2nd Grade,Female,23,1,Graduate,White/Caucasian,9,11,15,6,9.35294117647059,-.352941176470589,11.5882352941176,-.588235294117647,10,5,10.8823529411765,-4.88235294117647,8,0,0,0,0,0,0,0,1,0,0,0,0
2/15/2016 14:56:24,H,Female,7,Black/African American,1,3,3,3,0,2,3,1,2,1,0,0,1,1,2,3,2,1,1,1,1,1,1,0,1,2,2,2,3,1,1,2,2,0,3,3,1,1,1,2,3,3,3,2,2,2,3,2,3,1,8,3,3,3,2/15/2016 14:39:05,2nd Grade,Female,23,1,Graduate,White/Caucasian,6,15,7,14,9.35294117647059,-3.35294117647059,11.5882352941176,3.41176470588235,10,-3,10.8823529411765,3.11764705882353,8,0,0,0,0,0,0,0,1,0,0,0,0
2/15/2016 15:07:06,H,Female,7,Black/African American,2,3,2,3,2,2,3,0,1,1,1,1,2,2,2,1,2,1,0,1,1,1,1,1,1,1,2,1,2,1,0,2,2,0,1,2,1,2,1,3,2,2,2,1,2,2,3,3,3,2,8,3,3,1,2/15/2016 14:39:05,2nd Grade,Female,23,1,Graduate,White/Caucasian,8,17,6,13,9.35294117647059,-1.35294117647059,11.5882352941176,5.41176470588235,10,-4,10.8823529411765,2.11764705882353,8,0,0,0,0,0,0,0,1,0,0,0,0
2/15/2016 15:16:58,H,Female,7,Black/African American,3,3,3,2,2,3,3,1,2,1,2,1,1,3,1,1,1,0,0,0,0,0,1,0,0,1,2,0,1,1,0,1,1,0,1,2,0,0,0,1,1,1,1,1,1,0,2,1,1,0,6,3,3,2,2/15/2016 14:39:05,2nd Grade,Female,23,1,Graduate,White/Caucasian,11,19,1,7,9.35294117647059,1.64705882352941,11.5882352941176,7.41176470588235,10,-9,10.8823529411765,-3.88235294117647,8,0,0,0,0,0,0,0,1,0,0,0,0
2/15/2016 15:26:12,H,Male,7,Black/African American,0,2,1,0,2,2,3,1,2,1,2,0,0,1,1,3,3,2,1,1,2,2,2,3,3,3,3,2,1,2,2,3,3,2,3,2,1,1,3,3,3,0,1,2,2,2,3,3,3,1,8,2,3,1,2/15/2016 14:39:05,2nd Grade,Female,23,1,Graduate,White/Caucasian,7,10,14,15,9.35294117647059,-2.35294117647059,11.5882352941176,-1.58823529411765,10,4,10.8823529411765,4.11764705882353,8,0,0,0,0,0,0,0,1,0,0,0,0
2/15/2016 15:28:15,H,Female,7,Black/African American,1,1,1,1,1,0,0,2,0,3,0,3,1,0,1,3,3,3,2,3,3,3,3,1,3,3,2,3,0,1,1,3,2,1,3,3,3,3,3,2,1,0,1,2,0,3,2,2,1,1,4,3,3,1,2/15/2016 14:39:05,2nd Grade,Female,23,1,Graduate,White/Caucasian,9,5,16,9,9.35294117647059,-.352941176470589,11.5882352941176,-6.58823529411765,10,6,10.8823529411765,-1.88235294117647,8,0,0,0,0,0,0,0,1,0,0,0,0
2/15/2016 14:45:18,H,Male,8,Black/African American,0,2,2,3,3,3,3,1,3,2,1,1,1,1,2,2,2,1,1,1,1,1,1,1,1,3,1,2,0,2,0,2,3,3,2,3,0,0,1,1,2,1,3,3,3,2,3,2,3,0,6,4,4,2,2/15/2016 14:39:05,2nd Grade,Female,23,1,Graduate,White/Caucasian,10,16,5,15,9.35294117647059,.647058823529411,11.5882352941176,4.41176470588235,10,-5,10.8823529411765,4.11764705882353,8,0,0,0,0,0,0,0,1,0,0,0,0
2/15/2016 14:50:44,H,Male,8,Black/African American,0,0,0,0,0,0,2,1,0,3,0,3,2,0,3,3,3,3,3,3,3,2,3,3,3,3,1,3,3,3,3,3,3,3,3,3,3,3,3,0,0,3,3,2,0,3,1,2,0,3,10,4,4,0,2/15/2016 14:39:05,2nd Grade,Female,23,1,Graduate,White/Caucasian,9,2,18,10,9.35294117647059,-.352941176470589,11.5882352941176,-9.58823529411765,10,8,10.8823529411765,-.882352941176471,8,0,0,0,0,0,0,0,1,0,0,0,0
2/15/2016 14:53:14,H,Female,8,Black/African American,0,1,1,0,0,1,0,2,1,3,0,3,2,2,3,3,3,3,3,3,2,3,2,2,3,3,3,3,3,3,2,2,3,3,3,3,3,3,3,3,3,3,3,2,3,3,2,2,2,2,10,4,4,0,2/15/2016 14:39:05,2nd Grade,Female,23,1,Graduate,White/Caucasian,13,3,17,16,9.35294117647059,3.64705882352941,11.5882352941176,-8.58823529411765,10,7,10.8823529411765,5.11764705882353,8,0,0,0,0,0,0,0,1,0,0,0,0
2/15/2016 14:59:05,H,Female,8,Black/African American,3,3,3,3,3,3,2,1,2,0,1,0,2,1,2,1,2,0,1,1,0,1,0,1,0,0,2,1,2,0,0,1,1,1,2,2,0,1,0,1,2,1,1,2,2,2,3,2,2,1,6,2,2,2,2/15/2016 14:39:05,2nd Grade,Female,23,1,Graduate,White/Caucasian,7,20,2,9,9.35294117647059,-2.35294117647059,11.5882352941176,8.41176470588235,10,-8,10.8823529411765,-1.88235294117647,8,0,0,0,0,0,0,0,1,0,0,0,0
2/15/2016 15:04:22,H,Male,8,Black/African American,0,1,1,1,0,1,0,3,2,3,1,3,2,1,3,3,3,3,3,1,3,1,3,3,3,3,1,3,1,0,3,2,1,3,3,1,0,1,1,0,0,0,1,1,3,3,3,3,3,3,6,2,4,0,2/15/2016 14:39:05,2nd Grade,Female,23,1,Graduate,White/Caucasian,15,4,13,11,9.35294117647059,5.64705882352941,11.5882352941176,-7.58823529411765,10,3,10.8823529411765,.117647058823529,8,0,0,0,0,0,0,0,1,0,0,0,0
2/15/2016 15:09:54,H,Male,8,Black/African American,2,2,2,2,2,3,3,0,1,0,0,0,1,1,1,1,1,2,0,1,0,1,1,1,0,2,1,1,0,0,0,1,1,0,2,1,1,1,2,1,3,0,0,3,3,0,3,3,1,1,8,2,2,1,2/15/2016 14:39:05,2nd Grade,Female,23,1,Graduate,White/Caucasian,3,16,6,7,9.35294117647059,-6.35294117647059,11.5882352941176,4.41176470588235,10,-4,10.8823529411765,-3.88235294117647,8,0,0,0,0,0,0,0,1,0,0,0,0
2/15/2016 15:12:28,H,Male,8,Black/African American,0,0,0,0,0,1,2,0,0,1,0,1,1,0,3,3,3,3,3,3,3,3,3,3,3,3,2,3,3,3,3,3,2,3,3,3,3,3,3,3,3,2,2,2,3,3,3,3,3,2,10,2,3,1,2/15/2016 14:39:05,2nd Grade,Female,23,1,Graduate,White/Caucasian,3,3,18,15,9.35294117647059,-6.35294117647059,11.5882352941176,-8.58823529411765,10,8,10.8823529411765,4.11764705882353,8,0,0,0,0,0,0,0,1,0,0,0,0
2/15/2016 15:19:47,H,Female,8,Black/African American,3,2,2,2,3,2,3,2,1,0,1,0,1,2,0,1,0,1,0,1,1,1,1,0,1,1,2,1,2,2,0,2,2,0,2,2,0,1,1,3,3,3,3,1,2,1,0,2,3,1,8,4,4,1,2/15/2016 14:39:05,2nd Grade,Female,23,1,Graduate,White/Caucasian,7,17,3,14,9.35294117647059,-2.35294117647059,11.5882352941176,5.41176470588235,10,-7,10.8823529411765,3.11764705882353,8,0,0,0,0,0,0,0,1,0,0,0,0
2/15/2016 15:30:26,H,Female,8,Black/African American,1,2,1,1,1,1,3,3,1,3,2,3,2,3,2,3,2,2,2,2,2,2,2,1,2,3,1,2,0,1,1,1,0,1,1,0,2,2,2,1,1,1,0,0,1,1,1,0,1,3,5,4,2,1,2/15/2016 14:39:05,2nd Grade,Female,23,1,Graduate,White/Caucasian,17,10,11,4,9.35294117647059,7.64705882352941,11.5882352941176,-1.58823529411765,10,1,10.8823529411765,-6.88235294117647,8,0,0,0,0,0,0,0,1,0,0,0,0
2/15/2016 15:01:32,H,Male,9,Black/African American,3,2,3,3,3,3,3,3,1,3,0,3,3,2,1,1,1,1,0,1,1,1,1,0,1,1,1,0,2,2,0,1,0,0,0,0,1,2,1,1,0,0,0,2,3,1,1,1,1,1,5,2,4,1,2/15/2016 14:39:05,2nd Grade,Female,23,1,Graduate,White/Caucasian,15,20,5,6,9.35294117647059,5.64705882352941,11.5882352941176,8.41176470588235,10,-5,10.8823529411765,-4.88235294117647,8,0,0,0,0,0,0,0,1,0,0,0,0
2/15/2016 15:23:42,H,Female,9,Black/African American,2,1,2,2,0,2,0,2,1,1,2,0,2,2,3,2,2,2,1,3,2,3,3,0,3,2,3,2,3,3,0,2,1,0,3,1,3,3,3,3,3,2,3,2,2,3,2,2,3,3,9,3,2,5,2/15/2016 14:39:05,2nd Grade,Female,23,1,Graduate,White/Caucasian,10,9,13,14,9.35294117647059,.647058823529411,11.5882352941176,-2.58823529411765,10,3,10.8823529411765,3.11764705882353,8,0,0,0,0,0,0,0,1,0,0,0,0
2/15/2016 15:27:40,I,Female,6,Black/African American,1,1,0,1,1,1,3,1,0,1,2,1,1,1,1,2,2,3,3,2,3,2,2,1,3,3,1,1,1,1,1,1,2,2,2,1,2,3,2,2,2,1,2,2,1,2,2,2,1,1,8,3,3,2,2/15/2016 14:41:30,1st Grade,Male,50,7,Bachelors,Black/African American,7,8,13,8,6.15,.85,7.95,.0499999999999998,12.6,.4,10.85,-2.85,9,0,0,0,0,0,0,0,0,1,0,0,0
2/15/2016 15:31:21,I,Male,6,Black/African American,0,0,0,0,0,0,0,0,0,0,2,1,0,0,3,3,3,3,3,3,3,3,3,3,3,3,3,3,2,3,3,3,2,3,3,3,3,3,3,3,3,3,2,3,3,3,3,3,3,2,10,2,3,1,2/15/2016 14:41:30,1st Grade,Male,50,7,Bachelors,Black/African American,3,0,18,16,6.15,-3.15,7.95,-7.95,12.6,5.4,10.85,5.15,9,0,0,0,0,0,0,0,0,1,0,0,0
2/16/2016 17:07:10,I,Male,6,Black/African American,2,2,0,2,2,2,2,0,0,1,3,1,2,2,1,2,1,1,2,1,1,2,1,1,1,1,1,0,1,1,1,1,1,1,1,2,1,2,2,2,2,1,1,1,1,1,1,1,1,1,8,3,3,3,2/15/2016 14:41:30,1st Grade,Male,50,7,Bachelors,Black/African American,9,12,7,6,6.15,2.85,7.95,4.05,12.6,-5.6,10.85,-4.85,9,0,0,0,0,0,0,0,0,1,0,0,0
2/16/2016 17:10:50,I,Male,6,Black/African American,0,1,0,1,0,0,1,0,0,1,2,2,1,1,3,3,3,3,3,3,3,3,3,3,3,3,3,3,3,3,3,3,3,3,3,2,3,3,3,3,3,3,3,3,3,3,2,2,3,3,10,3,3,2,2/15/2016 14:41:30,1st Grade,Male,50,7,Bachelors,Black/African American,7,3,18,18,6.15,.85,7.95,-4.95,12.6,5.4,10.85,7.15,9,0,0,0,0,0,0,0,0,1,0,0,0
2/16/2016 17:13:56,I,Female,6,Black/African American,0,1,0,1,1,0,1,0,0,1,1,1,1,1,3,3,3,3,3,3,3,3,3,2,3,3,3,3,3,2,2,2,3,3,3,3,3,3,3,3,3,2,3,3,3,3,1,3,3,3,10,3,3,1,2/15/2016 14:41:30,1st Grade,Male,50,7,Bachelors,Black/African American,5,4,17,17,6.15,-1.15,7.95,-3.95,12.6,4.4,10.85,6.15,9,0,0,0,0,0,0,0,0,1,0,0,0
2/16/2016 17:22:53,I,Female,6,Black/African American,2,2,2,2,2,2,3,0,0,1,1,0,1,0,1,1,1,1,1,1,1,1,2,1,1,2,1,1,0,0,1,1,1,1,2,2,1,2,1,2,2,0,2,1,1,2,1,2,1,0,7,3,3,2,2/15/2016 14:41:30,1st Grade,Male,50,7,Bachelors,Black/African American,3,15,6,7,6.15,-3.15,7.95,7.05,12.6,-6.6,10.85,-3.85,9,0,0,0,0,0,0,0,0,1,0,0,0
2/15/2016 14:51:22,I,Female,7,Black/African American,0,1,0,0,0,0,2,1,1,1,2,2,1,2,2,3,3,3,3,3,3,2,3,3,3,3,1,3,1,1,3,2,1,3,3,2,2,2,3,2,1,2,2,2,2,3,2,2,3,2,9,3,3,3,2/15/2016 14:41:30,1st Grade,Male,50,7,Bachelors,Black/African American,10,3,17,11,6.15,3.85,7.95,-4.95,12.6,4.4,10.85,.15,9,0,0,0,0,0,0,0,0,1,0,0,0
2/15/2016 14:58:34,I,Female,7,Black/African American,2,2,1,2,2,2,1,1,0,1,2,2,2,1,1,2,2,1,2,1,1,2,1,0,1,2,0,1,1,1,0,1,1,1,1,1,1,2,2,2,2,1,0,1,0,0,2,1,1,1,5,2,2,8,2/15/2016 14:41:30,1st Grade,Male,50,7,Bachelors,Black/African American,9,12,7,3,6.15,2.85,7.95,4.05,12.6,-5.6,10.85,-7.85,9,0,0,0,0,0,0,0,0,1,0,0,0
2/15/2016 15:03:46,I,Female,7,Black/African American,2,1,0,3,2,1,3,0,0,1,2,1,1,1,3,3,3,3,3,3,3,3,3,2,3,2,3,3,3,3,2,3,3,3,2,3,3,3,3,3,2,3,3,3,3,2,2,2,3,3,10,3,3,3,2/15/2016 14:41:30,1st Grade,Male,50,7,Bachelors,Black/African American,6,12,17,18,6.15,-.15,7.95,4.05,12.6,4.4,10.85,7.15,9,0,0,0,0,0,0,0,0,1,0,0,0
2/15/2016 15:08:59,I,Male,7,Black/African American,2,2,1,3,2,1,1,0,0,1,3,1,1,1,2,2,2,1,1,1,3,1,2,1,1,2,2,2,2,1,1,1,1,1,2,1,1,2,1,1,2,1,1,1,1,2,2,2,1,2,9,2,2,3,2/15/2016 14:41:30,1st Grade,Male,50,7,Bachelors,Black/African American,7,12,7,7,6.15,.85,7.95,4.05,12.6,-5.6,10.85,-3.85,9,0,0,0,0,0,0,0,0,1,0,0,0
2/15/2016 15:13:20,I,Male,7,Black/African American,0,1,0,0,0,0,2,1,0,0,2,1,1,1,3,3,3,3,3,3,3,3,3,3,3,3,3,3,3,3,3,3,2,2,3,3,3,3,3,3,3,3,3,3,3,3,2,2,3,3,10,3,3,2,2/15/2016 14:41:30,1st Grade,Male,50,7,Bachelors,Black/African American,6,3,18,17,6.15,-.15,7.95,-4.95,12.6,5.4,10.85,6.15,9,0,0,0,0,0,0,0,0,1,0,0,0
2/15/2016 15:18:19,I,Female,7,Black/African American,2,2,0,2,2,1,1,0,0,1,1,1,2,0,1,2,1,1,3,1,1,1,1,1,2,1,1,1,1,1,1,1,1,1,2,1,1,2,1,1,1,1,2,1,1,2,1,2,2,1,8,3,3,2,2/15/2016 14:41:30,1st Grade,Male,50,7,Bachelors,Black/African American,5,10,7,8,6.15,-1.15,7.95,2.05,12.6,-5.6,10.85,-2.85,9,0,0,0,0,0,0,0,0,1,0,0,0
2/15/2016 15:23:08,I,Male,7,Black/African American,2,2,2,3,3,2,2,0,0,3,1,2,2,1,1,1,1,1,1,1,1,0,1,0,1,1,0,1,1,0,0,0,0,0,1,0,1,2,1,1,1,0,0,0,0,1,1,1,0,0,7,1,1,2,2/15/2016 14:41:30,1st Grade,Male,50,7,Bachelors,Black/African American,9,16,5,0,6.15,2.85,7.95,8.05,12.6,-7.6,10.85,-10.85,9,0,0,0,0,0,0,0,0,1,0,0,0
2/16/2016 16:10:19,I,Male,7,Black/African American,0,0,0,0,0,0,0,0,0,0,1,0,0,1,3,3,3,3,3,3,3,3,3,3,3,3,3,3,3,3,3,3,2,3,3,3,3,3,3,3,3,3,3,3,3,3,3,3,3,3,10,2,3,2,2/15/2016 14:41:30,1st Grade,Male,50,7,Bachelors,Black/African American,2,0,18,17,6.15,-4.15,7.95,-7.95,12.6,5.4,10.85,6.15,9,0,0,0,0,0,0,0,0,1,0,0,0
2/16/2016 16:18:25,I,Female,7,Black/African American,0,1,0,0,0,3,3,0,0,2,1,1,1,0,3,3,3,3,3,3,3,3,3,3,3,3,3,3,3,2,3,3,3,3,3,3,3,3,3,3,2,3,3,3,3,3,1,3,3,3,10,3,3,3,2/15/2016 14:41:30,1st Grade,Male,50,7,Bachelors,Black/African American,5,7,18,18,6.15,-1.15,7.95,-.95,12.6,5.4,10.85,7.15,9,0,0,0,0,0,0,0,0,1,0,0,0
2/16/2016 16:34:31,I,Male,7,Black/African American,0,1,0,0,0,0,1,0,0,2,2,2,0,0,3,3,3,3,3,3,3,3,3,3,3,3,3,3,3,3,3,2,3,3,3,2,3,3,3,3,3,3,3,3,3,3,2,2,3,3,10,2,2,1,2/15/2016 14:41:30,1st Grade,Male,50,7,Bachelors,Black/African American,6,2,18,17,6.15,-.15,7.95,-5.95,12.6,5.4,10.85,6.15,9,0,0,0,0,0,0,0,0,1,0,0,0
2/16/2016 16:40:11,I,Male,7,Two or More Race/Ethnicities,1,2,1,2,3,2,2,0,0,1,1,1,1,1,1,2,1,2,0,1,1,1,1,1,1,3,2,1,1,1,1,1,3,1,3,2,2,2,2,2,2,0,2,2,2,2,1,1,2,1,7,3,3,1,2/15/2016 14:41:30,1st Grade,Male,50,7,Bachelors,Black/African American,5,13,9,12,6.15,-1.15,7.95,5.05,12.6,-3.6,10.85,1.15,9,0,0,0,0,0,0,0,0,1,0,0,0
2/16/2016 16:57:10,I,Female,7,Black/African American,0,0,0,0,0,1,3,0,1,1,1,1,0,0,2,3,2,3,3,3,3,3,3,3,3,3,0,1,1,1,3,1,1,3,2,1,3,3,3,2,3,1,1,2,0,2,3,3,1,1,8,3,3,1,2/15/2016 14:41:30,1st Grade,Male,50,7,Bachelors,Black/African American,4,4,17,4,6.15,-2.15,7.95,-3.95,12.6,4.4,10.85,-6.85,9,0,0,0,0,0,0,0,0,1,0,0,0
2/16/2016 17:02:19,I,Female,7,Black/African American,3,2,1,2,2,2,2,1,0,2,2,2,2,0,1,1,1,1,3,1,1,2,1,0,1,1,1,1,1,1,0,1,1,1,1,2,1,2,1,0,0,1,2,1,1,1,1,0,1,1,8,3,3,5,2/15/2016 14:41:30,1st Grade,Male,50,7,Bachelors,Black/African American,9,14,5,7,6.15,2.85,7.95,6.05,12.6,-7.6,10.85,-3.85,9,0,0,0,0,0,0,0,0,1,0,0,0
2/16/2016 17:18:06,I,Female,7,Black/African American,1,2,0,1,2,1,2,0,0,2,1,2,1,0,2,2,2,2,3,1,2,2,2,2,2,3,1,1,1,1,1,1,1,1,2,2,1,2,2,2,1,0,1,1,1,2,2,1,1,1,9,3,3,3,2/15/2016 14:41:30,1st Grade,Male,50,7,Bachelors,Black/African American,6,9,10,6,6.15,-.15,7.95,1.05,12.6,-2.6,10.85,-4.85,9,0,0,0,0,0,0,0,0,1,0,0,0
2/15/2016 14:57:07,J,Female,8,Black/African American,0,0,0,0,0,0,2,0,3,1,1,0,0,0,1,3,2,3,0,3,3,3,3,3,3,3,1,2,3,3,3,2,1,3,3,1,2,3,3,3,3,0,2,3,3,2,3,3,3,1,8,1,3,5,2/15/2016 14:41:36,3rd Grade,Female,27,4,Bachelors, ,5,2,16,12,8.57142857142857,-3.57142857142857,8.85714285714286,-6.85714285714286,11,5,11.2857142857143,.714285714285714,10,0,0,0,0,0,0,0,0,0,1,0,0
2/15/2016 14:51:39,J,Male,9,Black/African American,2,2,1,1,3,1,2,2,1,2,1,2,3,2,1,2,2,1,1,2,1,2,2,2,2,2,1,1,2,1,2,2,2,1,2,2,1,2,1,1,2,1,3,1,2,2,2,2,2,1,1,3,2,1,2/15/2016 14:41:36,3rd Grade,Female,27,4,Bachelors, ,13,12,9,12,8.57142857142857,4.42857142857143,8.85714285714286,3.14285714285714,11,-2,11.2857142857143,.714285714285714,10,0,0,0,0,0,0,0,0,0,1,0,0
2/15/2016 15:00:51,J,Male,9,Black/African American,0,2,1,2,0,0,0,0,1,1,0,0,0,0,3,3,3,2,2,2,2,2,2,2,2,3,3,3,3,3,1,3,3,1,3,3,3,3,2,3,3,3,3,3,3,3,3,3,3,3,10,3,4,2,2/15/2016 14:41:36,3rd Grade,Female,27,4,Bachelors, ,2,5,13,18,8.57142857142857,-6.57142857142857,8.85714285714286,-3.85714285714286,11,2,11.2857142857143,6.71428571428571,10,0,0,0,0,0,0,0,0,0,1,0,0
2/15/2016 15:04:52,J,Female,9,Black/African American,0,0,2,0,3,0,3,1,1,1,1,1,1,3,1,3,1,3,2,3,2,3,2,2,3,3,1,2,1,1,2,2,1,3,3,2,3,2,3,1,3,2,2,1,2,1,3,3,1,2,8,2,2,1,2/15/2016 14:41:36,3rd Grade,Female,27,4,Bachelors, ,9,8,15,9,8.57142857142857,.428571428571429,8.85714285714286,-.857142857142858,11,4,11.2857142857143,-2.28571428571429,10,0,0,0,0,0,0,0,0,0,1,0,0
2/15/2016 15:10:53,J,Female,9,Black/African American,2,2,1,2,1,2,1,1,1,1,2,1,2,2,2,1,1,1,1,1,1,1,1,2,2,2,3,1,2,2,2,3,2,1,2,2,2,1,1,1,3,3,3,2,3,2,1,2,2,2,9,3,3,2,2/15/2016 14:41:36,3rd Grade,Female,27,4,Bachelors, ,10,11,9,16,8.57142857142857,1.42857142857143,8.85714285714286,2.14285714285714,11,-2,11.2857142857143,4.71428571428571,10,0,0,0,0,0,0,0,0,0,1,0,0
2/15/2016 15:17:04,J,Male,10,Black/African American,1,2,2,1,1,2,1,1,2,1,1,1,1,2,2,2,2,1,1,2,1,2,1,1,2,3,2,3,2,2,1,2,2,2,2,2,2,1,2,2,1,1,1,3,1,1,1,2,1,2,9,3,3,2,2/15/2016 14:41:36,3rd Grade,Female,27,4,Bachelors, ,9,10,10,9,8.57142857142857,.428571428571429,8.85714285714286,1.14285714285714,11,-1,11.2857142857143,-2.28571428571429,10,0,0,0,0,0,0,0,0,0,1,0,0
2/15/2016 15:22:37,J,Male,10,Black/African American,2,2,1,3,2,2,2,1,1,2,1,2,3,2,1,1,1,1,0,0,1,0,1,0,1,1,0,0,1,0,0,1,0,0,0,1,1,0,1,1,1,0,0,1,1,0,0,0,1,1,3,1,2,3,2/15/2016 14:41:36,3rd Grade,Female,27,4,Bachelors, ,12,14,5,3,8.57142857142857,3.42857142857143,8.85714285714286,5.14285714285714,11,-6,11.2857142857143,-8.28571428571429,10,0,0,0,0,0,0,0,0,0,1,0,0
2/15/2016 14:48:49,K,Male,9,Black/African American,2,3,0,1,2,2,3,3,0,1,2,2,1,1,1,1,1,1,2,1,1,1,2,1,1,2,1,1,2,2,1,2,1,1,1,2,2,2,1,2,3,1,1,1,2,1,2,2,2,2,8,3,3,3,2/15/2016 14:43:07,4th Grade,Female,27,4,Graduate,Black/African American,10,13,7,9,6.46153846153846,3.53846153846154,9.23076923076923,3.76923076923077,11.5384615384615,-4.53846153846154,7.07692307692308,1.92307692307692,11,0,0,0,0,0,0,0,0,0,0,1,0
2/15/2016 15:12:48,K,Female,9,Black/African American,1,2,2,2,2,2,2,1,0,0,0,0,0,2,1,1,1,1,2,2,3,3,1,0,1,2,1,1,1,0,1,1,1,0,3,3,1,1,1,3,3,3,0,1,1,0,3,2,0,1,7,3,2,1,2/15/2016 14:43:07,4th Grade,Female,27,4,Graduate,Black/African American,3,13,6,4,6.46153846153846,-3.46153846153846,9.23076923076923,3.76923076923077,11.5384615384615,-5.53846153846154,7.07692307692308,-3.07692307692308,11,0,0,0,0,0,0,0,0,0,0,1,0
2/15/2016 15:19:35,K,Female,9,Black/African American,1,1,0,1,0,0,0,1,0,1,0,0,0,0,3,2,3,2,3,2,3,3,2,2,3,3,3,3,2,3,2,2,1,2,2,2,3,3,3,1,3,1,1,2,3,2,3,3,2,3,9,3,2,0,2/15/2016 14:43:07,4th Grade,Female,27,4,Graduate,Black/African American,2,3,16,12,6.46153846153846,-4.46153846153846,9.23076923076923,-6.23076923076923,11.5384615384615,4.46153846153846,7.07692307692308,4.92307692307692,11,0,0,0,0,0,0,0,0,0,0,1,0
2/16/2016 21:57:30,K,Male,9,Black/African American,2,2,2,2,1,3,2,0,2,0,3,0,0,0,2,2,2,2,2,1,2,1,2,1,1,2,1,2,2,2,1,1,2,1,1,2,2,2,2,1,2,2,1,1,2,2,2,2,2,1,8,3,3,2,2/15/2016 14:43:07,4th Grade,Female,27,4,Graduate,Black/African American,5,14,10,9,6.46153846153846,-1.46153846153846,9.23076923076923,4.76923076923077,11.5384615384615,-1.53846153846154,7.07692307692308,1.92307692307692,11,0,0,0,0,0,0,0,0,0,0,1,0
2/16/2016 22:11:42,K,Male,9,Black/African American,2,2,0,2,2,2,0,0,0,0,0,0,0,1,2,1,1,2,1,2,2,2,2,1,3,1,2,1,1,2,1,2,2,1,2,2,2,3,1,2,2,1,2,1,1,1,2,3,1,2,8,3,4,2,2/15/2016 14:43:07,4th Grade,Female,27,4,Graduate,Black/African American,1,10,10,10,6.46153846153846,-5.46153846153846,9.23076923076923,.76923076923077,11.5384615384615,-1.53846153846154,7.07692307692308,2.92307692307692,11,0,0,0,0,0,0,0,0,0,0,1,0
2/16/2016 22:31:28,K,Female,9,Black/African American,2,2,1,2,2,2,1,2,0,0,3,1,1,1,2,1,2,2,1,2,2,1,1,0,3,1,1,1,0,1,0,1,0,0,2,1,2,2,1,3,2,0,0,1,1,1,3,3,1,0,7,1,2,0,2/15/2016 14:43:07,4th Grade,Female,27,4,Graduate,Black/African American,8,12,10,4,6.46153846153846,1.53846153846154,9.23076923076923,2.76923076923077,11.5384615384615,-1.53846153846154,7.07692307692308,-3.07692307692308,11,0,0,0,0,0,0,0,0,0,0,1,0
2/15/2016 15:00:11,K,Female,10,Black/African American,3,0,0,0,0,0,0,0,0,3,2,0,0,0,1,1,1,3,3,3,2,3,2,1,2,2,0,2,1,1,3,1,1,3,2,2,3,3,3,3,3,1,1,0,0,2,2,1,2,0,9,3,3,3,2/15/2016 14:43:07,4th Grade,Female,27,4,Graduate,Black/African American,5,3,15,5,6.46153846153846,-1.46153846153846,9.23076923076923,-6.23076923076923,11.5384615384615,3.46153846153846,7.07692307692308,-2.07692307692308,11,0,0,0,0,0,0,0,0,0,0,1,0
2/15/2016 15:03:43,K,Female,10,Black/African American,2,0,0,2,2,2,0,2,0,2,0,2,2,2,2,2,2,2,2,2,2,1,3,1,2,2,0,2,1,2,2,2,1,1,2,2,1,2,3,2,2,1,2,2,1,1,2,2,2,2,8,3,3,3,2/15/2016 14:43:07,4th Grade,Female,27,4,Graduate,Black/African American,10,8,12,8,6.46153846153846,3.53846153846154,9.23076923076923,-1.23076923076923,11.5384615384615,.461538461538462,7.07692307692308,.923076923076923,11,0,0,0,0,0,0,0,0,0,0,1,0
2/15/2016 15:07:19,K,Male,10,Black/African American,0,1,0,1,1,2,0,2,0,0,0,0,0,1,1,2,1,3,1,3,3,3,3,3,3,3,1,1,1,2,3,2,1,3,2,2,3,3,3,3,3,1,1,1,1,3,3,3,2,2,8,2,2,2,2/15/2016 14:43:07,4th Grade,Female,27,4,Graduate,Black/African American,3,5,16,8,6.46153846153846,-3.46153846153846,9.23076923076923,-4.23076923076923,11.5384615384615,4.46153846153846,7.07692307692308,.923076923076923,11,0,0,0,0,0,0,0,0,0,0,1,0
2/16/2016 21:59:51,K,Female,10,Black/African American,1,1,0,0,2,0,0,0,0,0,0,0,0,0,2,2,2,2,2,3,2,2,3,1,2,2,2,2,2,2,2,2,2,3,2,2,3,2,2,2,2,2,2,2,2,2,2,2,2,2,8,3,3,1,2/15/2016 14:43:07,4th Grade,Female,27,4,Graduate,Black/African American,0,4,13,12,6.46153846153846,-6.46153846153846,9.23076923076923,-5.23076923076923,11.5384615384615,1.46153846153846,7.07692307692308,4.92307692307692,11,0,0,0,0,0,0,0,0,0,0,1,0
2/16/2016 22:03:06,K,Female,10,Black/African American,0,1,0,1,0,1,0,1,3,3,1,1,0,3,2,2,2,3,1,3,3,2,2,0,3,3,1,2,1,0,2,0,0,1,3,3,2,2,3,3,3,0,0,2,1,3,3,3,3,1,8,1,1,0,2/15/2016 14:43:07,4th Grade,Female,27,4,Graduate,Black/African American,12,3,15,5,6.46153846153846,5.53846153846154,9.23076923076923,-6.23076923076923,11.5384615384615,3.46153846153846,7.07692307692308,-2.07692307692308,11,0,0,0,0,0,0,0,0,0,0,1,0
2/16/2016 22:08:00,K,Female,10,Black/African American,1,2,3,2,3,3,2,1,0,2,0,3,2,3,1,1,1,3,1,2,3,3,3,1,3,2,0,2,1,1,1,1,1,1,2,1,2,2,1,1,3,1,0,2,1,2,3,2,1,1,7,2,2,4,2/15/2016 14:43:07,4th Grade,Female,27,4,Graduate,Black/African American,11,16,11,4,6.46153846153846,4.53846153846154,9.23076923076923,6.76923076923077,11.5384615384615,-.538461538461538,7.07692307692308,-3.07692307692308,11,0,0,0,0,0,0,0,0,0,0,1,0
2/16/2016 22:15:40,K,Male,10,Black/African American,2,2,0,3,3,3,3,3,0,2,3,3,0,3,1,1,0,1,2,2,1,2,1,0,3,1,1,0,0,1,0,0,0,0,3,2,2,2,3,3,2,3,0,1,0,1,3,3,1,0,4,1,1,2,2/15/2016 14:43:07,4th Grade,Female,27,4,Graduate,Black/African American,14,16,9,2,6.46153846153846,7.53846153846154,9.23076923076923,6.76923076923077,11.5384615384615,-2.53846153846154,7.07692307692308,-5.07692307692308,11,0,0,0,0,0,0,0,0,0,0,1,0
2/15/2016 14:51:59,L,Female,7,Black/African American,0,1,0,0,0,1,2,0,0,1,3,0,1,1,3,2,2,3,2,2,2,2,3,2,2,3,3,3,2,2,3,2,2,2,2,2,2,2,2,2,3,2,3,3,3,2,2,2,2,2,10,4,4,6,2/15/2016 14:48:23,1st Grade,Female,35,3,Bachelors,Black/African American,6,4,14,15,6.625,-.625,10.5,-6.5,11.1875,2.8125,9.8125,5.1875,12,0,0,0,0,0,0,0,0,0,0,0,1
2/15/2016 14:56:57,L,Female,7,Black/African American,1,2,1,0,2,2,3,1,1,2,3,2,2,2,1,2,2,2,2,2,2,1,2,2,2,2,1,2,0,0,2,1,2,2,2,2,2,2,2,1,2,1,1,1,1,2,2,2,1,1,7,2,2,6,2/15/2016 14:48:23,1st Grade,Female,35,3,Bachelors,Black/African American,13,11,12,7,6.625,6.375,10.5,.5,11.1875,.8125,9.8125,-2.8125,12,0,0,0,0,0,0,0,0,0,0,0,1
2/15/2016 15:03:46,L,Male,7,Black/African American,1,2,0,0,1,0,2,2,1,3,0,3,2,1,2,2,2,2,2,2,2,2,2,2,2,2,2,2,1,1,2,1,1,2,2,1,2,2,2,1,1,1,1,1,2,2,2,1,2,1,5,2,2,1,2/15/2016 14:48:23,1st Grade,Female,35,3,Bachelors,Black/African American,12,6,12,9,6.625,5.375,10.5,-4.5,11.1875,.8125,9.8125,-.8125,12,0,0,0,0,0,0,0,0,0,0,0,1
2/15/2016 15:07:17,L,Male,7,Black/African American,1,1,1,2,2,2,3,0,1,1,1,1,2,2,2,2,2,2,2,2,2,2,2,1,2,2,2,2,0,1,1,1,1,1,2,2,2,2,2,2,2,0,1,2,2,2,2,2,2,1,6,3,4,4,2/15/2016 14:48:23,1st Grade,Female,35,3,Bachelors,Black/African American,8,12,11,9,6.625,1.375,10.5,1.5,11.1875,-.1875,9.8125,-.8125,12,0,0,0,0,0,0,0,0,0,0,0,1
2/15/2016 15:11:16,L,Female,7,Black/African American,0,2,0,1,2,2,3,1,1,1,2,0,1,2,1,1,1,3,1,2,2,2,2,1,2,3,0,1,0,0,2,0,0,2,1,1,2,2,2,1,3,0,0,1,1,2,3,2,2,0,3,1,1,6,2/15/2016 14:48:23,1st Grade,Female,35,3,Bachelors,Black/African American,8,10,12,3,6.625,1.375,10.5,-.5,11.1875,.8125,9.8125,-6.8125,12,0,0,0,0,0,0,0,0,0,0,0,1
2/15/2016 15:14:03,L,Female,7,Black/African American,0,0,0,0,0,0,0,0,0,1,0,0,0,0,3,3,3,3,3,3,3,3,3,3,3,3,3,3,3,3,3,3,2,3,3,3,3,3,3,3,3,3,3,3,3,3,3,3,2,3,10,3,3,1,2/15/2016 14:48:23,1st Grade,Female,35,3,Bachelors,Black/African American,1,0,18,16,6.625,-5.625,10.5,-10.5,11.1875,6.8125,9.8125,6.1875,12,0,0,0,0,0,0,0,0,0,0,0,1
2/15/2016 15:18:25,L,Female,7,Black/African American,0,2,0,0,2,2,1,0,0,1,1,1,0,0,2,3,2,3,2,2,2,2,2,3,2,2,3,2,2,2,2,3,3,3,3,3,2,2,3,2,2,3,3,3,3,2,3,3,2,2,10,5,5,4,2/15/2016 14:48:23,1st Grade,Female,35,3,Bachelors,Black/African American,3,7,14,17,6.625,-3.625,10.5,-3.5,11.1875,2.8125,9.8125,7.1875,12,0,0,0,0,0,0,0,0,0,0,0,1
2/15/2016 15:22:34,L,Male,7,Black/African American,0,1,0,0,1,1,2,0,1,1,1,0,1,2,2,2,2,2,2,2,3,2,2,2,2,2,2,2,1,1,2,2,2,2,2,2,2,2,2,2,2,1,1,2,2,2,3,2,2,1,8,3,4,8,2/15/2016 14:48:23,1st Grade,Female,35,3,Bachelors,Black/African American,6,5,12,11,6.625,-.625,10.5,-5.5,11.1875,.8125,9.8125,1.1875,12,0,0,0,0,0,0,0,0,0,0,0,1
2/15/2016 15:30:09,L,Female,7,Black/African American,2,2,2,1,2,2,3,0,0,0,1,0,1,2,1,1,1,2,2,2,2,2,1,2,2,1,2,1,1,1,1,2,2,2,2,2,2,2,2,2,2,2,2,2,2,2,2,2,2,2,7,3,4,2,2/15/2016 14:48:23,1st Grade,Female,35,3,Bachelors,Black/African American,4,14,10,12,6.625,-2.625,10.5,3.5,11.1875,-1.1875,9.8125,2.1875,12,0,0,0,0,0,0,0,0,0,0,0,1
2/15/2016 15:00:36,L,Male,8,Black/African American,3,3,3,3,3,3,3,0,0,1,0,0,2,1,1,1,1,1,1,1,1,1,1,0,1,1,1,1,1,0,0,1,1,0,1,1,1,2,1,1,1,0,0,1,1,1,2,1,2,0,5,1,1,3,2/15/2016 14:48:23,1st Grade,Female,35,3,Bachelors,Black/African American,4,21,5,6,6.625,-2.625,10.5,10.5,11.1875,-6.1875,9.8125,-3.8125,12,0,0,0,0,0,0,0,0,0,0,0,1
2/15/2016 15:26:49,L,Male,8,Black/African American,3,3,2,3,3,3,3,0,0,2,0,2,0,0,0,0,0,1,0,1,1,1,1,0,1,1,2,0,0,0,0,1,1,0,2,2,1,1,1,1,1,2,3,2,2,0,2,1,2,1,2,4,4,4,2/15/2016 14:48:23,1st Grade,Female,35,3,Bachelors,Black/African American,4,20,4,11,6.625,-2.625,10.5,9.5,11.1875,-7.1875,9.8125,1.1875,12,0,0,0,0,0,0,0,0,0,0,0,1
2/16/2016 23:43:53,L,Female,7,Black/African American,0,2,0,0,1,1,2,1,1,1,1,0,1,1,2,3,2,2,3,3,2,3,2,3,2,3,2,2,2,2,3,2,2,2,2,3,2,2,3,2,2,2,2,2,2,2,2,2,2,2,10,3,3,3,2/15/2016 14:48:23,1st Grade,Female,35,3,Bachelors,Black/African American,6,6,14,12,6.625,-.625,10.5,-4.5,11.1875,2.8125,9.8125,2.1875,12,0,0,0,0,0,0,0,0,0,0,0,1
2/16/2016 23:47:47,L,Male,7,Black/African American,2,2,1,1,2,3,3,1,1,1,0,1,1,1,1,1,1,2,1,2,2,2,2,2,2,2,2,1,1,1,2,2,2,2,2,3,2,2,2,2,2,1,3,2,2,1,3,2,2,2,5,3,5,2,2/15/2016 14:48:23,1st Grade,Female,35,3,Bachelors,Black/African American,6,14,11,13,6.625,-.625,10.5,3.5,11.1875,-.1875,9.8125,3.1875,12,0,0,0,0,0,0,0,0,0,0,0,1
2/16/2016 23:51:34,L,Female,8,Black/African American,2,2,1,2,1,1,2,1,1,1,2,2,2,2,1,2,1,2,2,2,2,2,2,1,2,2,1,2,1,1,1,1,1,1,2,2,2,2,2,2,2,1,1,1,2,2,2,2,2,1,6,1,2,3,2/15/2016 14:48:23,1st Grade,Female,35,3,Bachelors,Black/African American,11,11,10,8,6.625,4.375,10.5,.5,11.1875,-1.1875,9.8125,-1.8125,12,0,0,0,0,0,0,0,0,0,0,0,1
2/16/2016 23:56:01,L,Male,7,Black/African American,2,2,2,2,3,3,3,1,1,1,0,2,2,2,1,1,1,2,0,2,2,2,2,0,2,2,0,1,0,0,0,0,0,0,1,2,2,2,2,2,2,0,0,1,2,2,2,1,2,0,2,1,1,6,2/15/2016 14:48:23,1st Grade,Female,35,3,Bachelors,Black/African American,9,17,9,4,6.625,2.375,10.5,6.5,11.1875,-2.1875,9.8125,-5.8125,12,0,0,0,0,0,0,0,0,0,0,0,1
2/16/2016 23:59:13,L,Female,8,Black/African American,2,1,0,1,1,2,3,0,0,0,1,0,2,2,0,1,1,2,2,2,2,2,2,2,2,1,1,2,0,0,2,0,1,2,2,2,2,2,2,2,2,0,0,1,1,2,2,2,1,1,5,1,1,8,2/15/2016 14:48:23,1st Grade,Female,35,3,Bachelors,Black/African American,5,10,11,4,6.625,-1.625,10.5,-.5,11.1875,-.1875,9.8125,-5.8125,12,0,0,0,0,0,0,0,0,0,0,0,1
